<?xml version="1.0" encoding="utf-8"?><feed xmlns="http://www.w3.org/2005/Atom" ><generator uri="https://jekyllrb.com/" version="3.8.5">Jekyll</generator><link href="http://localhost:4000/feed.xml" rel="self" type="application/atom+xml" /><link href="http://localhost:4000/" rel="alternate" type="text/html" /><updated>2019-04-28T02:22:41-07:00</updated><id>http://localhost:4000/feed.xml</id><title type="html">Sergey Kostrukov</title><subtitle>Sergey Kostrukov Blog</subtitle><author><name>Sergey Kostrukov</name></author><entry><title type="html">Dependency Injection with Giraffe</title><link href="http://localhost:4000/2019/fsharp-di-lorem" rel="alternate" type="text/html" title="Dependency Injection with Giraffe" /><published>2019-04-12T20:45:13-07:00</published><updated>2019-04-12T20:45:13-07:00</updated><id>http://localhost:4000/2019/fsharp-di-lorem</id><content type="html" xml:base="http://localhost:4000/2019/fsharp-di-lorem">&lt;p&gt;&lt;a href=&quot;https://kostr.se/e8042&quot;&gt;Lorem&lt;/a&gt; ipsum dolor sit amet, consectetur adipiscing elit, sed do eiusmod tempor incididunt ut labore et dolore magna aliqua. Libero nunc consequat interdum varius sit amet.&lt;/p&gt;

&lt;p&gt;Consequat mauris nunc congue nisi vitae. Laoreet non curabitur gravida arcu ac tortor dignissim. Consectetur adipiscing elit ut aliquam purus sit amet. Erat imperdiet sed euismod nisi porta lorem mollis aliquam.&lt;/p&gt;

&lt;p&gt;Facilisi nullam vehicula ipsum a arcu cursus vitae congue mauris. Id ornare arcu odio ut sem nulla pharetra &lt;code class=&quot;highlighter-rouge&quot;&gt;IServiceCollection&lt;/code&gt; and  &lt;code class=&quot;highlighter-rouge&quot;&gt;IServiceProvider&lt;/code&gt;.&lt;/p&gt;

&lt;h1 id=&quot;a-giraffe-application&quot;&gt;A Giraffe application&lt;/h1&gt;

&lt;p&gt;Arcu dictum varius duis at consectetur lorem. Massa enim nec dui nunc mattis enim ut tellus. Potenti nullam ac tortor vitae purus faucibus ornare suspendisse sed. Integer vitae justo eget magna fermentum.&lt;/p&gt;

&lt;p&gt;Massa tincidunt nunc pulvinar sapien: &lt;code class=&quot;highlighter-rouge&quot;&gt;POST /order&lt;/code&gt; et ligula ullamcorper.&lt;/p&gt;

&lt;p&gt;Tellus in hac habitasse platea. Lectus vestibulum mattis ullamcorper velit &lt;code class=&quot;highlighter-rouge&quot;&gt;productId&lt;/code&gt; sed &lt;code class=&quot;highlighter-rouge&quot;&gt;quantity&lt;/code&gt; ullamcorper morbi tincidunt. Adipiscing commodo elit at imperdiet dui accumsan. Eu non diam phasellus vestibulum.&lt;/p&gt;

&lt;p&gt;Pellentesque elit eget gravida cum sociis natoque penatibus et magnis.&lt;/p&gt;

&lt;div class=&quot;language-fsharp highlighter-rouge&quot;&gt;&lt;div class=&quot;highlight&quot;&gt;&lt;pre class=&quot;highlight&quot;&gt;&lt;code&gt;&lt;span class=&quot;k&quot;&gt;open&lt;/span&gt; &lt;span class=&quot;nc&quot;&gt;System&lt;/span&gt;
&lt;span class=&quot;k&quot;&gt;open&lt;/span&gt; &lt;span class=&quot;nn&quot;&gt;Microsoft&lt;/span&gt;&lt;span class=&quot;p&quot;&gt;.&lt;/span&gt;&lt;span class=&quot;nn&quot;&gt;AspNetCore&lt;/span&gt;&lt;span class=&quot;p&quot;&gt;.&lt;/span&gt;&lt;span class=&quot;nc&quot;&gt;Builder&lt;/span&gt;
&lt;span class=&quot;k&quot;&gt;open&lt;/span&gt; &lt;span class=&quot;nn&quot;&gt;Microsoft&lt;/span&gt;&lt;span class=&quot;p&quot;&gt;.&lt;/span&gt;&lt;span class=&quot;nn&quot;&gt;AspNetCore&lt;/span&gt;&lt;span class=&quot;p&quot;&gt;.&lt;/span&gt;&lt;span class=&quot;nc&quot;&gt;Hosting&lt;/span&gt;
&lt;span class=&quot;k&quot;&gt;open&lt;/span&gt; &lt;span class=&quot;nn&quot;&gt;Microsoft&lt;/span&gt;&lt;span class=&quot;p&quot;&gt;.&lt;/span&gt;&lt;span class=&quot;nn&quot;&gt;Extensions&lt;/span&gt;&lt;span class=&quot;p&quot;&gt;.&lt;/span&gt;&lt;span class=&quot;nc&quot;&gt;DependencyInjection&lt;/span&gt;
&lt;span class=&quot;k&quot;&gt;open&lt;/span&gt; &lt;span class=&quot;nc&quot;&gt;Giraffe&lt;/span&gt;
&lt;span class=&quot;k&quot;&gt;open&lt;/span&gt; &lt;span class=&quot;nn&quot;&gt;Microsoft&lt;/span&gt;&lt;span class=&quot;p&quot;&gt;.&lt;/span&gt;&lt;span class=&quot;nn&quot;&gt;AspNetCore&lt;/span&gt;&lt;span class=&quot;p&quot;&gt;.&lt;/span&gt;&lt;span class=&quot;nc&quot;&gt;Http&lt;/span&gt;
&lt;span class=&quot;k&quot;&gt;open&lt;/span&gt; &lt;span class=&quot;nn&quot;&gt;FSharp&lt;/span&gt;&lt;span class=&quot;p&quot;&gt;.&lt;/span&gt;&lt;span class=&quot;nn&quot;&gt;Control&lt;/span&gt;&lt;span class=&quot;p&quot;&gt;.&lt;/span&gt;&lt;span class=&quot;nn&quot;&gt;Tasks&lt;/span&gt;&lt;span class=&quot;p&quot;&gt;.&lt;/span&gt;&lt;span class=&quot;nn&quot;&gt;V2&lt;/span&gt;&lt;span class=&quot;p&quot;&gt;.&lt;/span&gt;&lt;span class=&quot;nc&quot;&gt;ContextInsensitive&lt;/span&gt;

&lt;span class=&quot;c1&quot;&gt;// Order request received from customers&lt;/span&gt;
&lt;span class=&quot;p&quot;&gt;[&amp;lt;&lt;/span&gt;&lt;span class=&quot;nc&quot;&gt;CLIMutable&lt;/span&gt;&lt;span class=&quot;p&quot;&gt;&amp;gt;]&lt;/span&gt;
&lt;span class=&quot;k&quot;&gt;type&lt;/span&gt; &lt;span class=&quot;nc&quot;&gt;OrderRequest&lt;/span&gt; &lt;span class=&quot;p&quot;&gt;=&lt;/span&gt; &lt;span class=&quot;p&quot;&gt;{&lt;/span&gt;
    &lt;span class=&quot;nc&quot;&gt;ProductId&lt;/span&gt;&lt;span class=&quot;p&quot;&gt;:&lt;/span&gt; &lt;span class=&quot;kt&quot;&gt;int&lt;/span&gt;
    &lt;span class=&quot;nc&quot;&gt;Quantity&lt;/span&gt;&lt;span class=&quot;p&quot;&gt;:&lt;/span&gt; &lt;span class=&quot;kt&quot;&gt;int&lt;/span&gt;
&lt;span class=&quot;p&quot;&gt;}&lt;/span&gt;

&lt;span class=&quot;c1&quot;&gt;// Order confirmation with order number, returned back to customers&lt;/span&gt;
&lt;span class=&quot;k&quot;&gt;type&lt;/span&gt; &lt;span class=&quot;nc&quot;&gt;OrderConfirmation&lt;/span&gt; &lt;span class=&quot;p&quot;&gt;=&lt;/span&gt; &lt;span class=&quot;p&quot;&gt;{&lt;/span&gt;
    &lt;span class=&quot;nc&quot;&gt;OrderNumber&lt;/span&gt;&lt;span class=&quot;p&quot;&gt;:&lt;/span&gt; &lt;span class=&quot;kt&quot;&gt;string&lt;/span&gt;
&lt;span class=&quot;p&quot;&gt;}&lt;/span&gt;

&lt;span class=&quot;c1&quot;&gt;// Our application logic here: handling customer order&lt;/span&gt;
&lt;span class=&quot;k&quot;&gt;let&lt;/span&gt; &lt;span class=&quot;n&quot;&gt;handleOrder&lt;/span&gt; &lt;span class=&quot;p&quot;&gt;(&lt;/span&gt;&lt;span class=&quot;n&quot;&gt;order&lt;/span&gt;&lt;span class=&quot;p&quot;&gt;:&lt;/span&gt; &lt;span class=&quot;nc&quot;&gt;OrderRequest&lt;/span&gt;&lt;span class=&quot;p&quot;&gt;)&lt;/span&gt; &lt;span class=&quot;p&quot;&gt;:&lt;/span&gt; &lt;span class=&quot;nc&quot;&gt;HttpHandler&lt;/span&gt; &lt;span class=&quot;p&quot;&gt;=&lt;/span&gt;
    &lt;span class=&quot;k&quot;&gt;fun&lt;/span&gt; &lt;span class=&quot;p&quot;&gt;(&lt;/span&gt;&lt;span class=&quot;n&quot;&gt;next&lt;/span&gt; &lt;span class=&quot;p&quot;&gt;:&lt;/span&gt; &lt;span class=&quot;nc&quot;&gt;HttpFunc&lt;/span&gt;&lt;span class=&quot;p&quot;&gt;)&lt;/span&gt; &lt;span class=&quot;p&quot;&gt;(&lt;/span&gt;&lt;span class=&quot;n&quot;&gt;ctx&lt;/span&gt; &lt;span class=&quot;p&quot;&gt;:&lt;/span&gt; &lt;span class=&quot;nc&quot;&gt;HttpContext&lt;/span&gt;&lt;span class=&quot;p&quot;&gt;)&lt;/span&gt; &lt;span class=&quot;p&quot;&gt;-&amp;gt;&lt;/span&gt;
        &lt;span class=&quot;n&quot;&gt;task&lt;/span&gt; &lt;span class=&quot;p&quot;&gt;{&lt;/span&gt;
            &lt;span class=&quot;c1&quot;&gt;// TODO: Generate order number&lt;/span&gt;
            &lt;span class=&quot;k&quot;&gt;let&lt;/span&gt; &lt;span class=&quot;n&quot;&gt;orderNumber&lt;/span&gt; &lt;span class=&quot;p&quot;&gt;=&lt;/span&gt; &lt;span class=&quot;s2&quot;&gt;&quot;???&quot;&lt;/span&gt;

            &lt;span class=&quot;c1&quot;&gt;// Send back order confirmation with order number&lt;/span&gt;
            &lt;span class=&quot;k&quot;&gt;let&lt;/span&gt; &lt;span class=&quot;n&quot;&gt;orderConfirmation&lt;/span&gt; &lt;span class=&quot;p&quot;&gt;=&lt;/span&gt; &lt;span class=&quot;p&quot;&gt;{&lt;/span&gt; &lt;span class=&quot;nc&quot;&gt;OrderNumber&lt;/span&gt; &lt;span class=&quot;p&quot;&gt;=&lt;/span&gt; &lt;span class=&quot;n&quot;&gt;orderNumber&lt;/span&gt; &lt;span class=&quot;p&quot;&gt;}&lt;/span&gt;
            &lt;span class=&quot;k&quot;&gt;return&lt;/span&gt;&lt;span class=&quot;o&quot;&gt;!&lt;/span&gt; &lt;span class=&quot;n&quot;&gt;json&lt;/span&gt; &lt;span class=&quot;n&quot;&gt;orderConfirmation&lt;/span&gt; &lt;span class=&quot;n&quot;&gt;next&lt;/span&gt; &lt;span class=&quot;n&quot;&gt;ctx&lt;/span&gt;
        &lt;span class=&quot;p&quot;&gt;}&lt;/span&gt;

&lt;span class=&quot;k&quot;&gt;let&lt;/span&gt; &lt;span class=&quot;n&quot;&gt;routes&lt;/span&gt; &lt;span class=&quot;p&quot;&gt;=&lt;/span&gt;
    &lt;span class=&quot;c1&quot;&gt;// REST API method which accepts orders from customers&lt;/span&gt;
    &lt;span class=&quot;n&quot;&gt;route&lt;/span&gt; &lt;span class=&quot;s2&quot;&gt;&quot;/order&quot;&lt;/span&gt; &lt;span class=&quot;o&quot;&gt;&amp;gt;=&amp;gt;&lt;/span&gt; &lt;span class=&quot;nc&quot;&gt;POST&lt;/span&gt; &lt;span class=&quot;o&quot;&gt;&amp;gt;=&amp;gt;&lt;/span&gt; &lt;span class=&quot;n&quot;&gt;bindForm&lt;/span&gt;&lt;span class=&quot;p&quot;&gt;&amp;lt;&lt;/span&gt;&lt;span class=&quot;nc&quot;&gt;OrderRequest&lt;/span&gt;&lt;span class=&quot;p&quot;&gt;&amp;gt;&lt;/span&gt; &lt;span class=&quot;nc&quot;&gt;None&lt;/span&gt; &lt;span class=&quot;n&quot;&gt;handleOrder&lt;/span&gt;

&lt;span class=&quot;k&quot;&gt;let&lt;/span&gt; &lt;span class=&quot;n&quot;&gt;configureApp&lt;/span&gt; &lt;span class=&quot;p&quot;&gt;(&lt;/span&gt;&lt;span class=&quot;n&quot;&gt;app&lt;/span&gt; &lt;span class=&quot;p&quot;&gt;:&lt;/span&gt; &lt;span class=&quot;nc&quot;&gt;IApplicationBuilder&lt;/span&gt;&lt;span class=&quot;p&quot;&gt;)&lt;/span&gt; &lt;span class=&quot;p&quot;&gt;=&lt;/span&gt;
    &lt;span class=&quot;n&quot;&gt;app&lt;/span&gt;&lt;span class=&quot;p&quot;&gt;.&lt;/span&gt;&lt;span class=&quot;nc&quot;&gt;UseGiraffe&lt;/span&gt; &lt;span class=&quot;n&quot;&gt;routes&lt;/span&gt;

&lt;span class=&quot;k&quot;&gt;let&lt;/span&gt; &lt;span class=&quot;n&quot;&gt;configureServices&lt;/span&gt; &lt;span class=&quot;p&quot;&gt;(&lt;/span&gt;&lt;span class=&quot;n&quot;&gt;services&lt;/span&gt; &lt;span class=&quot;p&quot;&gt;:&lt;/span&gt; &lt;span class=&quot;nc&quot;&gt;IServiceCollection&lt;/span&gt;&lt;span class=&quot;p&quot;&gt;)&lt;/span&gt; &lt;span class=&quot;p&quot;&gt;=&lt;/span&gt;
		&lt;span class=&quot;c1&quot;&gt;// Registration of services to DI container&lt;/span&gt;
    &lt;span class=&quot;n&quot;&gt;services&lt;/span&gt;&lt;span class=&quot;p&quot;&gt;.&lt;/span&gt;&lt;span class=&quot;nc&quot;&gt;AddGiraffe&lt;/span&gt;&lt;span class=&quot;bp&quot;&gt;()&lt;/span&gt; &lt;span class=&quot;p&quot;&gt;|&amp;gt;&lt;/span&gt; &lt;span class=&quot;n&quot;&gt;ignore&lt;/span&gt;

&lt;span class=&quot;p&quot;&gt;[&amp;lt;&lt;/span&gt;&lt;span class=&quot;nc&quot;&gt;EntryPoint&lt;/span&gt;&lt;span class=&quot;p&quot;&gt;&amp;gt;]&lt;/span&gt;
&lt;span class=&quot;k&quot;&gt;let&lt;/span&gt; &lt;span class=&quot;n&quot;&gt;main&lt;/span&gt; &lt;span class=&quot;p&quot;&gt;_&lt;/span&gt; &lt;span class=&quot;p&quot;&gt;=&lt;/span&gt;
    &lt;span class=&quot;k&quot;&gt;let&lt;/span&gt; &lt;span class=&quot;n&quot;&gt;config&lt;/span&gt; &lt;span class=&quot;p&quot;&gt;=&lt;/span&gt;
        &lt;span class=&quot;nc&quot;&gt;ConfigurationBuilder&lt;/span&gt;&lt;span class=&quot;bp&quot;&gt;()&lt;/span&gt;
            &lt;span class=&quot;p&quot;&gt;.&lt;/span&gt;&lt;span class=&quot;nc&quot;&gt;AddJsonFile&lt;/span&gt;&lt;span class=&quot;p&quot;&gt;(&lt;/span&gt;&lt;span class=&quot;s2&quot;&gt;&quot;appsettings.json&quot;&lt;/span&gt;&lt;span class=&quot;p&quot;&gt;)&lt;/span&gt;
            &lt;span class=&quot;p&quot;&gt;.&lt;/span&gt;&lt;span class=&quot;nc&quot;&gt;Build&lt;/span&gt;&lt;span class=&quot;bp&quot;&gt;()&lt;/span&gt;

    &lt;span class=&quot;nc&quot;&gt;WebHostBuilder&lt;/span&gt;&lt;span class=&quot;bp&quot;&gt;()&lt;/span&gt;
        &lt;span class=&quot;p&quot;&gt;.&lt;/span&gt;&lt;span class=&quot;nc&quot;&gt;UseConfiguration&lt;/span&gt;&lt;span class=&quot;p&quot;&gt;(&lt;/span&gt;&lt;span class=&quot;n&quot;&gt;config&lt;/span&gt;&lt;span class=&quot;p&quot;&gt;)&lt;/span&gt;
        &lt;span class=&quot;p&quot;&gt;.&lt;/span&gt;&lt;span class=&quot;nc&quot;&gt;UseKestrel&lt;/span&gt;&lt;span class=&quot;bp&quot;&gt;()&lt;/span&gt;
        &lt;span class=&quot;p&quot;&gt;.&lt;/span&gt;&lt;span class=&quot;nc&quot;&gt;Configure&lt;/span&gt;&lt;span class=&quot;p&quot;&gt;(&lt;/span&gt;&lt;span class=&quot;nc&quot;&gt;Action&lt;/span&gt;&lt;span class=&quot;p&quot;&gt;&amp;lt;&lt;/span&gt;&lt;span class=&quot;nc&quot;&gt;IApplicationBuilder&lt;/span&gt;&lt;span class=&quot;p&quot;&gt;&amp;gt;&lt;/span&gt; &lt;span class=&quot;n&quot;&gt;configureApp&lt;/span&gt;&lt;span class=&quot;p&quot;&gt;)&lt;/span&gt;
        &lt;span class=&quot;p&quot;&gt;.&lt;/span&gt;&lt;span class=&quot;nc&quot;&gt;ConfigureServices&lt;/span&gt;&lt;span class=&quot;p&quot;&gt;(&lt;/span&gt;&lt;span class=&quot;n&quot;&gt;configureServices&lt;/span&gt;&lt;span class=&quot;p&quot;&gt;)&lt;/span&gt;
        &lt;span class=&quot;p&quot;&gt;.&lt;/span&gt;&lt;span class=&quot;nc&quot;&gt;Build&lt;/span&gt;&lt;span class=&quot;bp&quot;&gt;()&lt;/span&gt;
        &lt;span class=&quot;p&quot;&gt;.&lt;/span&gt;&lt;span class=&quot;nc&quot;&gt;Run&lt;/span&gt;&lt;span class=&quot;bp&quot;&gt;()&lt;/span&gt;
    &lt;span class=&quot;mi&quot;&gt;0&lt;/span&gt;
&lt;/code&gt;&lt;/pre&gt;&lt;/div&gt;&lt;/div&gt;

&lt;p&gt;Nunc scelerisque viverra mauris in aliquam &lt;em&gt;appsettings.json&lt;/em&gt; sem fringilla ut morbi. Odio ut enim blandit volutpat maecenas. Dolor morbi non arcu risus quis varius.&lt;/p&gt;

&lt;div class=&quot;language-json highlighter-rouge&quot;&gt;&lt;div class=&quot;highlight&quot;&gt;&lt;pre class=&quot;highlight&quot;&gt;&lt;code&gt;&lt;span class=&quot;p&quot;&gt;{&lt;/span&gt;&lt;span class=&quot;w&quot;&gt;
    &lt;/span&gt;&lt;span class=&quot;s2&quot;&gt;&quot;Orders&quot;&lt;/span&gt;&lt;span class=&quot;p&quot;&gt;:&lt;/span&gt;&lt;span class=&quot;w&quot;&gt; &lt;/span&gt;&lt;span class=&quot;p&quot;&gt;{&lt;/span&gt;&lt;span class=&quot;w&quot;&gt;
        &lt;/span&gt;&lt;span class=&quot;s2&quot;&gt;&quot;StartOrderNumber&quot;&lt;/span&gt;&lt;span class=&quot;p&quot;&gt;:&lt;/span&gt;&lt;span class=&quot;w&quot;&gt; &lt;/span&gt;&lt;span class=&quot;mi&quot;&gt;10000&lt;/span&gt;&lt;span class=&quot;w&quot;&gt;
    &lt;/span&gt;&lt;span class=&quot;p&quot;&gt;}&lt;/span&gt;&lt;span class=&quot;w&quot;&gt;
&lt;/span&gt;&lt;span class=&quot;p&quot;&gt;}&lt;/span&gt;&lt;span class=&quot;w&quot;&gt;
&lt;/span&gt;&lt;/code&gt;&lt;/pre&gt;&lt;/div&gt;&lt;/div&gt;

&lt;p&gt;Ornare aenean euismod elementum nisi. Risus in hendrerit gravida rutrum quisque non tellus.&lt;/p&gt;

&lt;h1 id=&quot;functional-business-logic&quot;&gt;Functional business logic&lt;/h1&gt;

&lt;p&gt;Scelerisque eu ultrices vitae auctor eu augue. Arcu ac tortor dignissim convallis aenean et tortor at risus. Venenatis cras sed felis eget velit aliquet sagittis. Aliquam nulla facilisi cras fermentum odio. Pharetra vel turpis nunc eget lorem dolor.&lt;/p&gt;

&lt;p&gt;Feugiat vivamus at augue eget arcu dictum varius.&lt;/p&gt;

&lt;div class=&quot;language-fsharp highlighter-rouge&quot;&gt;&lt;div class=&quot;highlight&quot;&gt;&lt;pre class=&quot;highlight&quot;&gt;&lt;code&gt;&lt;span class=&quot;c1&quot;&gt;// Product, represented by the product ID&lt;/span&gt;
&lt;span class=&quot;k&quot;&gt;type&lt;/span&gt; &lt;span class=&quot;nc&quot;&gt;Product&lt;/span&gt; &lt;span class=&quot;p&quot;&gt;=&lt;/span&gt; &lt;span class=&quot;nc&quot;&gt;ProductId&lt;/span&gt; &lt;span class=&quot;k&quot;&gt;of&lt;/span&gt; &lt;span class=&quot;kt&quot;&gt;int&lt;/span&gt;

&lt;span class=&quot;c1&quot;&gt;// Quantity. represented by amount in pieces&lt;/span&gt;
&lt;span class=&quot;k&quot;&gt;type&lt;/span&gt; &lt;span class=&quot;nc&quot;&gt;Quantity&lt;/span&gt; &lt;span class=&quot;p&quot;&gt;=&lt;/span&gt; &lt;span class=&quot;nc&quot;&gt;Pcs&lt;/span&gt; &lt;span class=&quot;k&quot;&gt;of&lt;/span&gt; &lt;span class=&quot;kt&quot;&gt;int&lt;/span&gt;

&lt;span class=&quot;c1&quot;&gt;// ProductNumber, composed of prefix string and the number itself&lt;/span&gt;
&lt;span class=&quot;k&quot;&gt;type&lt;/span&gt; &lt;span class=&quot;nc&quot;&gt;OrderNumber&lt;/span&gt; &lt;span class=&quot;p&quot;&gt;=&lt;/span&gt; &lt;span class=&quot;p&quot;&gt;{&lt;/span&gt;
    &lt;span class=&quot;nc&quot;&gt;Prefix&lt;/span&gt;&lt;span class=&quot;p&quot;&gt;:&lt;/span&gt; &lt;span class=&quot;kt&quot;&gt;string&lt;/span&gt;
    &lt;span class=&quot;nc&quot;&gt;Number&lt;/span&gt;&lt;span class=&quot;p&quot;&gt;:&lt;/span&gt; &lt;span class=&quot;kt&quot;&gt;int&lt;/span&gt;
&lt;span class=&quot;p&quot;&gt;}&lt;/span&gt; &lt;span class=&quot;k&quot;&gt;with&lt;/span&gt;
    &lt;span class=&quot;k&quot;&gt;override&lt;/span&gt; &lt;span class=&quot;n&quot;&gt;this&lt;/span&gt;&lt;span class=&quot;p&quot;&gt;.&lt;/span&gt;&lt;span class=&quot;nc&quot;&gt;ToString&lt;/span&gt;&lt;span class=&quot;bp&quot;&gt;()&lt;/span&gt; &lt;span class=&quot;p&quot;&gt;=&lt;/span&gt; &lt;span class=&quot;n&quot;&gt;sprintf&lt;/span&gt; &lt;span class=&quot;s2&quot;&gt;&quot;%s-%d&quot;&lt;/span&gt; &lt;span class=&quot;n&quot;&gt;this&lt;/span&gt;&lt;span class=&quot;p&quot;&gt;.&lt;/span&gt;&lt;span class=&quot;nc&quot;&gt;Prefix&lt;/span&gt; &lt;span class=&quot;n&quot;&gt;this&lt;/span&gt;&lt;span class=&quot;p&quot;&gt;.&lt;/span&gt;&lt;span class=&quot;nc&quot;&gt;Number&lt;/span&gt;
&lt;/code&gt;&lt;/pre&gt;&lt;/div&gt;&lt;/div&gt;

&lt;p&gt;Sed ullamcorper morbi tincidunt ornare massa eget egestas purus viverra: &lt;strong&gt;Product&lt;/strong&gt;, &lt;strong&gt;Quantity&lt;/strong&gt; and &lt;strong&gt;OrderNumber&lt;/strong&gt;.&lt;/p&gt;

&lt;p&gt;Odio aenean sed adipiscing diam donec adipiscing tristique. Nec feugiat nisl &lt;a href=&quot;https://fsharpforfunandprofit.com/series/designing-with-types.html&quot;&gt;“Designing with types” series&lt;/a&gt; ut tortor pretium. Dolor magna eget est lorem &lt;a href=&quot;https://vimeo.com/223983252&quot;&gt;Domain Modeling Made Functional&lt;/a&gt;.&lt;/p&gt;

&lt;p&gt;Sit amet consectetur adipiscing elit duis tristique sollicitudin. Sem fringilla ut morbi tincidunt augue. Enim sed faucibus turpis in. Non diam phasellus vestibulum lorem sed risus ultricies tristique nulla. Pulvinar neque laoreet suspendisse interdum consectetur libero.&lt;/p&gt;

&lt;p&gt;Et netus et malesuada fames ac turpis egestas sed tempus:&lt;/p&gt;

&lt;div class=&quot;language-fsharp highlighter-rouge&quot;&gt;&lt;div class=&quot;highlight&quot;&gt;&lt;pre class=&quot;highlight&quot;&gt;&lt;code&gt;&lt;span class=&quot;nc&quot;&gt;Product&lt;/span&gt; &lt;span class=&quot;p&quot;&gt;-&amp;gt;&lt;/span&gt; &lt;span class=&quot;nc&quot;&gt;OrderNumber&lt;/span&gt;
&lt;/code&gt;&lt;/pre&gt;&lt;/div&gt;&lt;/div&gt;

&lt;p&gt;Tristique senectus et netus et malesuada. Mi proin sed libero enim sed faucibus turpis in. Volutpat sed cras ornare arcu dui.&lt;/p&gt;

&lt;p&gt;Tortor at &lt;em&gt;Product&lt;/em&gt; auctor urna nunc id &lt;em&gt;OrderNumber&lt;/em&gt; cursus metus aliquam eleifend. Et malesuada fames ac turpis egestas integer eget. Volutpat consequat mauris nunc congue. Mattis enim ut tellus elementum sagittis vitae et leo duis.&lt;/p&gt;

&lt;p&gt;Porttitor rhoncus dolor purus non enim:&lt;/p&gt;

&lt;div class=&quot;language-fsharp highlighter-rouge&quot;&gt;&lt;div class=&quot;highlight&quot;&gt;&lt;pre class=&quot;highlight&quot;&gt;&lt;code&gt;&lt;span class=&quot;k&quot;&gt;module&lt;/span&gt; &lt;span class=&quot;nc&quot;&gt;OrderNumbering&lt;/span&gt; &lt;span class=&quot;p&quot;&gt;=&lt;/span&gt;
    &lt;span class=&quot;c1&quot;&gt;// Thread-safe number counter which keeps the state of number generator functon&lt;/span&gt;
    &lt;span class=&quot;k&quot;&gt;type&lt;/span&gt; &lt;span class=&quot;k&quot;&gt;private&lt;/span&gt; &lt;span class=&quot;nc&quot;&gt;Counter&lt;/span&gt; &lt;span class=&quot;p&quot;&gt;(&lt;/span&gt;&lt;span class=&quot;n&quot;&gt;startVal&lt;/span&gt;&lt;span class=&quot;p&quot;&gt;:&lt;/span&gt; &lt;span class=&quot;kt&quot;&gt;int&lt;/span&gt;&lt;span class=&quot;p&quot;&gt;)&lt;/span&gt; &lt;span class=&quot;p&quot;&gt;=&lt;/span&gt;
        &lt;span class=&quot;k&quot;&gt;let&lt;/span&gt; &lt;span class=&quot;k&quot;&gt;mutable&lt;/span&gt; &lt;span class=&quot;n&quot;&gt;currVal&lt;/span&gt;&lt;span class=&quot;p&quot;&gt;:&lt;/span&gt; &lt;span class=&quot;kt&quot;&gt;int&lt;/span&gt; &lt;span class=&quot;p&quot;&gt;=&lt;/span&gt; &lt;span class=&quot;n&quot;&gt;startVal&lt;/span&gt;
        &lt;span class=&quot;k&quot;&gt;member&lt;/span&gt; &lt;span class=&quot;n&quot;&gt;this&lt;/span&gt;&lt;span class=&quot;p&quot;&gt;.&lt;/span&gt;&lt;span class=&quot;nc&quot;&gt;Next&lt;/span&gt; &lt;span class=&quot;bp&quot;&gt;()&lt;/span&gt;&lt;span class=&quot;p&quot;&gt;:&lt;/span&gt; &lt;span class=&quot;kt&quot;&gt;int&lt;/span&gt; &lt;span class=&quot;p&quot;&gt;=&lt;/span&gt; &lt;span class=&quot;nn&quot;&gt;Interlocked&lt;/span&gt;&lt;span class=&quot;p&quot;&gt;.&lt;/span&gt;&lt;span class=&quot;nc&quot;&gt;Increment&lt;/span&gt; &lt;span class=&quot;p&quot;&gt;&amp;amp;&lt;/span&gt;&lt;span class=&quot;n&quot;&gt;currVal&lt;/span&gt;

    &lt;span class=&quot;c1&quot;&gt;// Generates a new order number with provided prefix&lt;/span&gt;
    &lt;span class=&quot;k&quot;&gt;let&lt;/span&gt; &lt;span class=&quot;n&quot;&gt;generate&lt;/span&gt; &lt;span class=&quot;p&quot;&gt;(&lt;/span&gt;&lt;span class=&quot;n&quot;&gt;counter&lt;/span&gt;&lt;span class=&quot;p&quot;&gt;:&lt;/span&gt; &lt;span class=&quot;nc&quot;&gt;Counter&lt;/span&gt;&lt;span class=&quot;p&quot;&gt;)&lt;/span&gt; &lt;span class=&quot;p&quot;&gt;(&lt;/span&gt;&lt;span class=&quot;n&quot;&gt;product&lt;/span&gt;&lt;span class=&quot;p&quot;&gt;:&lt;/span&gt; &lt;span class=&quot;nc&quot;&gt;Product&lt;/span&gt;&lt;span class=&quot;o&quot;&gt;):&lt;/span&gt; &lt;span class=&quot;nc&quot;&gt;OrderNumber&lt;/span&gt; &lt;span class=&quot;p&quot;&gt;=&lt;/span&gt;
        &lt;span class=&quot;k&quot;&gt;let&lt;/span&gt; &lt;span class=&quot;p&quot;&gt;(&lt;/span&gt;&lt;span class=&quot;nc&quot;&gt;ProductId&lt;/span&gt; &lt;span class=&quot;n&quot;&gt;productId&lt;/span&gt;&lt;span class=&quot;p&quot;&gt;)&lt;/span&gt; &lt;span class=&quot;p&quot;&gt;=&lt;/span&gt; &lt;span class=&quot;n&quot;&gt;product&lt;/span&gt;
        &lt;span class=&quot;k&quot;&gt;let&lt;/span&gt; &lt;span class=&quot;n&quot;&gt;prefix&lt;/span&gt; &lt;span class=&quot;p&quot;&gt;=&lt;/span&gt; &lt;span class=&quot;n&quot;&gt;sprintf&lt;/span&gt; &lt;span class=&quot;s2&quot;&gt;&quot;INV%d&quot;&lt;/span&gt; &lt;span class=&quot;n&quot;&gt;productId&lt;/span&gt;
        &lt;span class=&quot;k&quot;&gt;let&lt;/span&gt; &lt;span class=&quot;n&quot;&gt;number&lt;/span&gt; &lt;span class=&quot;p&quot;&gt;=&lt;/span&gt; &lt;span class=&quot;n&quot;&gt;counter&lt;/span&gt;&lt;span class=&quot;p&quot;&gt;.&lt;/span&gt;&lt;span class=&quot;nc&quot;&gt;Next&lt;/span&gt; &lt;span class=&quot;bp&quot;&gt;()&lt;/span&gt;
        &lt;span class=&quot;p&quot;&gt;{&lt;/span&gt; &lt;span class=&quot;nc&quot;&gt;Prefix&lt;/span&gt; &lt;span class=&quot;p&quot;&gt;=&lt;/span&gt; &lt;span class=&quot;n&quot;&gt;prefix&lt;/span&gt;&lt;span class=&quot;p&quot;&gt;;&lt;/span&gt; &lt;span class=&quot;nc&quot;&gt;Number&lt;/span&gt; &lt;span class=&quot;p&quot;&gt;=&lt;/span&gt; &lt;span class=&quot;n&quot;&gt;number&lt;/span&gt; &lt;span class=&quot;p&quot;&gt;}&lt;/span&gt;
&lt;/code&gt;&lt;/pre&gt;&lt;/div&gt;&lt;/div&gt;

&lt;h1 id=&quot;registering-functions&quot;&gt;Registering functions&lt;/h1&gt;

&lt;p&gt;Proin sagittis nisl rhoncus mattis. In aliquam sem fringilla ut morbi tincidunt augue interdum. Enim diam vulputate ut pharetra sit amet aliquam id diam.&lt;/p&gt;

&lt;p&gt;&lt;a href=&quot;https://docs.microsoft.com/en-us/aspnet/core/fundamentals/dependency-injection?view=aspnetcore-2.2&quot;&gt;Dependency injection in ASP.NET Core&lt;/a&gt;&lt;/p&gt;

&lt;p&gt;At ultrices mi tempus imperdiet nulla. Scelerisque eleifend donec pretium vulputate sapien nec sagittis aliquam malesuada  &lt;em&gt;functions&lt;/em&gt;:&lt;/p&gt;

&lt;div class=&quot;language-fsharp highlighter-rouge&quot;&gt;&lt;div class=&quot;highlight&quot;&gt;&lt;pre class=&quot;highlight&quot;&gt;&lt;code&gt;&lt;span class=&quot;k&quot;&gt;let&lt;/span&gt; &lt;span class=&quot;n&quot;&gt;configureServices&lt;/span&gt; &lt;span class=&quot;p&quot;&gt;(&lt;/span&gt;&lt;span class=&quot;n&quot;&gt;services&lt;/span&gt; &lt;span class=&quot;p&quot;&gt;:&lt;/span&gt; &lt;span class=&quot;nc&quot;&gt;IServiceCollection&lt;/span&gt;&lt;span class=&quot;p&quot;&gt;)&lt;/span&gt; &lt;span class=&quot;p&quot;&gt;=&lt;/span&gt;
    &lt;span class=&quot;c1&quot;&gt;// Registration of services to DI container&lt;/span&gt;
    &lt;span class=&quot;n&quot;&gt;services&lt;/span&gt;&lt;span class=&quot;p&quot;&gt;.&lt;/span&gt;&lt;span class=&quot;nc&quot;&gt;AddSingleton&lt;/span&gt;&lt;span class=&quot;p&quot;&gt;&amp;lt;&lt;/span&gt;&lt;span class=&quot;nc&quot;&gt;Product&lt;/span&gt; &lt;span class=&quot;p&quot;&gt;-&amp;gt;&lt;/span&gt; &lt;span class=&quot;nc&quot;&gt;OrderNumber&lt;/span&gt;&lt;span class=&quot;o&quot;&gt;&amp;gt;(???)&lt;/span&gt; &lt;span class=&quot;p&quot;&gt;|&amp;gt;&lt;/span&gt; &lt;span class=&quot;n&quot;&gt;ignore&lt;/span&gt;
    &lt;span class=&quot;n&quot;&gt;services&lt;/span&gt;&lt;span class=&quot;p&quot;&gt;.&lt;/span&gt;&lt;span class=&quot;nc&quot;&gt;AddGiraffe&lt;/span&gt;&lt;span class=&quot;bp&quot;&gt;()&lt;/span&gt; &lt;span class=&quot;p&quot;&gt;|&amp;gt;&lt;/span&gt; &lt;span class=&quot;n&quot;&gt;ignore&lt;/span&gt;
&lt;/code&gt;&lt;/pre&gt;&lt;/div&gt;&lt;/div&gt;

&lt;p&gt;Amet nisl purus in mollis nunc sed. Gravida quis blandit turpis cursus in hac habitasse platea. Gravida neque convallis a cras semper auctor.&lt;/p&gt;

&lt;p&gt;Phasellus egestas tellus rutrum tellus pellentesque. Elementum eu facilisis sed odio morbi quis commodo odio:&lt;/p&gt;

&lt;ol&gt;
  &lt;li&gt;Semper auctor neque vitae tempus quam pellentesque nec nam.&lt;/li&gt;
  &lt;li&gt;Odio aenean sed adipiscing diam &lt;strong&gt;generate&lt;/strong&gt; tristique.&lt;/li&gt;
&lt;/ol&gt;

&lt;p&gt;Amet luctus venenatis lectus:&lt;/p&gt;

&lt;div class=&quot;language-fsharp highlighter-rouge&quot;&gt;&lt;div class=&quot;highlight&quot;&gt;&lt;pre class=&quot;highlight&quot;&gt;&lt;code&gt;&lt;span class=&quot;nc&quot;&gt;IServiceProvider&lt;/span&gt; &lt;span class=&quot;p&quot;&gt;-&amp;gt;&lt;/span&gt; &lt;span class=&quot;k&quot;&gt;'&lt;/span&gt;&lt;span class=&quot;nc&quot;&gt;TService&lt;/span&gt;
&lt;/code&gt;&lt;/pre&gt;&lt;/div&gt;&lt;/div&gt;

&lt;p&gt;Dignissim cras tincidunt lobortis feugiat &lt;code class=&quot;highlighter-rouge&quot;&gt;string -&amp;gt; OrderNumber&lt;/code&gt;.&lt;/p&gt;

&lt;p&gt;Eros in cursus turpis massa tincidunt dui ut. Amet massa vitae tortor condimentum lacinia quis vel. Ornare quam viverra orci sagittis:&lt;/p&gt;

&lt;div class=&quot;language-fsharp highlighter-rouge&quot;&gt;&lt;div class=&quot;highlight&quot;&gt;&lt;pre class=&quot;highlight&quot;&gt;&lt;code&gt;&lt;span class=&quot;nc&quot;&gt;IServiceProvider&lt;/span&gt; &lt;span class=&quot;p&quot;&gt;-&amp;gt;&lt;/span&gt; &lt;span class=&quot;p&quot;&gt;(&lt;/span&gt;&lt;span class=&quot;nc&quot;&gt;Product&lt;/span&gt; &lt;span class=&quot;p&quot;&gt;-&amp;gt;&lt;/span&gt; &lt;span class=&quot;nc&quot;&gt;OrderNumber&lt;/span&gt;&lt;span class=&quot;p&quot;&gt;)&lt;/span&gt;
&lt;/code&gt;&lt;/pre&gt;&lt;/div&gt;&lt;/div&gt;

&lt;p&gt;Ut diam quam nulla porttitor massa. Aliquet nec ullamcorper sit amet risus nullam eget:&lt;/p&gt;

&lt;div class=&quot;language-fsharp highlighter-rouge&quot;&gt;&lt;div class=&quot;highlight&quot;&gt;&lt;pre class=&quot;highlight&quot;&gt;&lt;code&gt;&lt;span class=&quot;k&quot;&gt;let&lt;/span&gt; &lt;span class=&quot;n&quot;&gt;factory&lt;/span&gt; &lt;span class=&quot;p&quot;&gt;(&lt;/span&gt;&lt;span class=&quot;n&quot;&gt;services&lt;/span&gt;&lt;span class=&quot;p&quot;&gt;:&lt;/span&gt; &lt;span class=&quot;nc&quot;&gt;IServiceProvider&lt;/span&gt;&lt;span class=&quot;o&quot;&gt;):&lt;/span&gt; &lt;span class=&quot;p&quot;&gt;(&lt;/span&gt;&lt;span class=&quot;nc&quot;&gt;Product&lt;/span&gt; &lt;span class=&quot;p&quot;&gt;-&amp;gt;&lt;/span&gt; &lt;span class=&quot;nc&quot;&gt;OrderNumber&lt;/span&gt;&lt;span class=&quot;p&quot;&gt;)&lt;/span&gt; &lt;span class=&quot;p&quot;&gt;=&lt;/span&gt;
    &lt;span class=&quot;c1&quot;&gt;// Resolve dependencies from DI container&lt;/span&gt;
    &lt;span class=&quot;k&quot;&gt;let&lt;/span&gt; &lt;span class=&quot;n&quot;&gt;configuration&lt;/span&gt; &lt;span class=&quot;p&quot;&gt;=&lt;/span&gt; &lt;span class=&quot;n&quot;&gt;services&lt;/span&gt;&lt;span class=&quot;p&quot;&gt;.&lt;/span&gt;&lt;span class=&quot;nc&quot;&gt;GetService&lt;/span&gt;&lt;span class=&quot;p&quot;&gt;&amp;lt;&lt;/span&gt;&lt;span class=&quot;nc&quot;&gt;IConfiguration&lt;/span&gt;&lt;span class=&quot;o&quot;&gt;&amp;gt;().&lt;/span&gt;&lt;span class=&quot;nc&quot;&gt;GetSection&lt;/span&gt;&lt;span class=&quot;p&quot;&gt;(&lt;/span&gt;&lt;span class=&quot;s2&quot;&gt;&quot;Orders&quot;&lt;/span&gt;&lt;span class=&quot;p&quot;&gt;)&lt;/span&gt;

    &lt;span class=&quot;c1&quot;&gt;// Create the number counter (a state or order generator)&lt;/span&gt;
    &lt;span class=&quot;k&quot;&gt;let&lt;/span&gt; &lt;span class=&quot;n&quot;&gt;startNumber&lt;/span&gt; &lt;span class=&quot;p&quot;&gt;=&lt;/span&gt; &lt;span class=&quot;n&quot;&gt;configuration&lt;/span&gt;&lt;span class=&quot;p&quot;&gt;.&lt;/span&gt;&lt;span class=&quot;nc&quot;&gt;GetValue&lt;/span&gt;&lt;span class=&quot;p&quot;&gt;&amp;lt;&lt;/span&gt;&lt;span class=&quot;kt&quot;&gt;int&lt;/span&gt;&lt;span class=&quot;o&quot;&gt;&amp;gt;(&lt;/span&gt;&lt;span class=&quot;s2&quot;&gt;&quot;StartOrderNumber&quot;&lt;/span&gt;&lt;span class=&quot;p&quot;&gt;)&lt;/span&gt;
    &lt;span class=&quot;k&quot;&gt;let&lt;/span&gt; &lt;span class=&quot;n&quot;&gt;counter&lt;/span&gt; &lt;span class=&quot;p&quot;&gt;=&lt;/span&gt; &lt;span class=&quot;nc&quot;&gt;Counter&lt;/span&gt; &lt;span class=&quot;p&quot;&gt;(&lt;/span&gt;&lt;span class=&quot;n&quot;&gt;startNumber&lt;/span&gt;&lt;span class=&quot;p&quot;&gt;)&lt;/span&gt;

    &lt;span class=&quot;c1&quot;&gt;// Partially apply dependencies into the function (counter state in our case)        &lt;/span&gt;
    &lt;span class=&quot;n&quot;&gt;generate&lt;/span&gt; &lt;span class=&quot;n&quot;&gt;counter&lt;/span&gt;
&lt;/code&gt;&lt;/pre&gt;&lt;/div&gt;&lt;/div&gt;

&lt;p&gt;Commodo nulla facilisi nullam vehicula ipsum a arcu.&lt;/p&gt;

&lt;p&gt;Pretium viverra suspendisse potenti nullam ac. Risus pretium quam vulputate dignissim suspendisse in est ante in. Pellentesque pulvinar pellentesque habitant morbi tristique senectus et netus et. Vitae auctor eu augue ut lectus arcu bibendum at.&lt;/p&gt;

&lt;div class=&quot;language-fsharp highlighter-rouge&quot;&gt;&lt;div class=&quot;highlight&quot;&gt;&lt;pre class=&quot;highlight&quot;&gt;&lt;code&gt;&lt;span class=&quot;k&quot;&gt;let&lt;/span&gt; &lt;span class=&quot;n&quot;&gt;configureServices&lt;/span&gt; &lt;span class=&quot;p&quot;&gt;(&lt;/span&gt;&lt;span class=&quot;n&quot;&gt;services&lt;/span&gt; &lt;span class=&quot;p&quot;&gt;:&lt;/span&gt; &lt;span class=&quot;nc&quot;&gt;IServiceCollection&lt;/span&gt;&lt;span class=&quot;p&quot;&gt;)&lt;/span&gt; &lt;span class=&quot;p&quot;&gt;=&lt;/span&gt;
    &lt;span class=&quot;c1&quot;&gt;// Registration of services to DI container&lt;/span&gt;
    &lt;span class=&quot;n&quot;&gt;services&lt;/span&gt;&lt;span class=&quot;p&quot;&gt;.&lt;/span&gt;&lt;span class=&quot;nc&quot;&gt;AddSingleton&lt;/span&gt;&lt;span class=&quot;p&quot;&gt;&amp;lt;&lt;/span&gt;&lt;span class=&quot;nc&quot;&gt;Product&lt;/span&gt; &lt;span class=&quot;p&quot;&gt;-&amp;gt;&lt;/span&gt; &lt;span class=&quot;nc&quot;&gt;OrderNumber&lt;/span&gt;&lt;span class=&quot;o&quot;&gt;&amp;gt;(&lt;/span&gt;&lt;span class=&quot;nn&quot;&gt;OrderNumbering&lt;/span&gt;&lt;span class=&quot;p&quot;&gt;.&lt;/span&gt;&lt;span class=&quot;n&quot;&gt;factory&lt;/span&gt;&lt;span class=&quot;p&quot;&gt;)&lt;/span&gt; &lt;span class=&quot;p&quot;&gt;|&amp;gt;&lt;/span&gt; &lt;span class=&quot;n&quot;&gt;ignore&lt;/span&gt;
    &lt;span class=&quot;n&quot;&gt;services&lt;/span&gt;&lt;span class=&quot;p&quot;&gt;.&lt;/span&gt;&lt;span class=&quot;nc&quot;&gt;AddGiraffe&lt;/span&gt;&lt;span class=&quot;bp&quot;&gt;()&lt;/span&gt; &lt;span class=&quot;p&quot;&gt;|&amp;gt;&lt;/span&gt; &lt;span class=&quot;n&quot;&gt;ignore&lt;/span&gt;
&lt;/code&gt;&lt;/pre&gt;&lt;/div&gt;&lt;/div&gt;

&lt;p&gt;Aliquet porttitor lacus luctus accumsan tortor posuere ac. Nulla aliquet porttitor lacus luctus. Ipsum dolor sit amet consectetur.&lt;/p&gt;

&lt;p&gt;Risus sed vulputate odio ut enim blandit volutpat maecenas. Dolor magna eget est lorem ipsum dolor sit. Aliquam ut porttitor leo a diam sollicitudin tempor id. Cursus in hac habitasse platea dictumst quisque sagittis purus.&lt;/p&gt;

&lt;p&gt;Neque gravida in fermentum et. Sapien pellentesque habitant morbi tristique senectus et netus et malesuada.&lt;/p&gt;

&lt;h2 id=&quot;passing-f-functions-as-c-delegates&quot;&gt;Passing F# functions as C# delegates&lt;/h2&gt;

&lt;p&gt;Sit amet nisl purus in mollis aenean pharetra magna ac placerat vestibulum lectus mauris ultrices.&lt;/p&gt;

&lt;p&gt;Volutpat lacus laoreet non curabitur gravida arcu ac tortor. Tellus orci ac auctor augue mauris augue neque. Ultrices eros in cursus turpis massa tincidunt dui ut. Mattis molestie a iaculis at erat pellentesque. Faucibus turpis in eu mi bibendum.&lt;/p&gt;

&lt;p&gt;Platea dictumst vestibulum rhoncus est pellentesque elit ullamcorper dignissim.&lt;/p&gt;

&lt;div class=&quot;language-fsharp highlighter-rouge&quot;&gt;&lt;div class=&quot;highlight&quot;&gt;&lt;pre class=&quot;highlight&quot;&gt;&lt;code&gt;&lt;span class=&quot;k&quot;&gt;open&lt;/span&gt; &lt;span class=&quot;nc&quot;&gt;System&lt;/span&gt;
&lt;span class=&quot;k&quot;&gt;open&lt;/span&gt; &lt;span class=&quot;nn&quot;&gt;System&lt;/span&gt;&lt;span class=&quot;p&quot;&gt;.&lt;/span&gt;&lt;span class=&quot;nn&quot;&gt;Runtime&lt;/span&gt;&lt;span class=&quot;p&quot;&gt;.&lt;/span&gt;&lt;span class=&quot;nc&quot;&gt;CompilerServices&lt;/span&gt;
&lt;span class=&quot;k&quot;&gt;open&lt;/span&gt; &lt;span class=&quot;nn&quot;&gt;Microsoft&lt;/span&gt;&lt;span class=&quot;p&quot;&gt;.&lt;/span&gt;&lt;span class=&quot;nn&quot;&gt;Extensions&lt;/span&gt;&lt;span class=&quot;p&quot;&gt;.&lt;/span&gt;&lt;span class=&quot;nc&quot;&gt;DependencyInjection&lt;/span&gt;

&lt;span class=&quot;p&quot;&gt;[&amp;lt;&lt;/span&gt;&lt;span class=&quot;nc&quot;&gt;Extension&lt;/span&gt;&lt;span class=&quot;p&quot;&gt;&amp;gt;]&lt;/span&gt;
&lt;span class=&quot;k&quot;&gt;type&lt;/span&gt; &lt;span class=&quot;nc&quot;&gt;ServiceCollectionFunctionExtensions&lt;/span&gt;&lt;span class=&quot;bp&quot;&gt;()&lt;/span&gt; &lt;span class=&quot;p&quot;&gt;=&lt;/span&gt;
    
    &lt;span class=&quot;p&quot;&gt;[&amp;lt;&lt;/span&gt;&lt;span class=&quot;nc&quot;&gt;Extension&lt;/span&gt;&lt;span class=&quot;p&quot;&gt;&amp;gt;]&lt;/span&gt;
    &lt;span class=&quot;k&quot;&gt;static&lt;/span&gt; &lt;span class=&quot;k&quot;&gt;member&lt;/span&gt; &lt;span class=&quot;k&quot;&gt;inline&lt;/span&gt; &lt;span class=&quot;nc&quot;&gt;AddSingleton&lt;/span&gt;&lt;span class=&quot;p&quot;&gt;&amp;lt;&lt;/span&gt;&lt;span class=&quot;k&quot;&gt;'&lt;/span&gt;&lt;span class=&quot;nc&quot;&gt;TService&lt;/span&gt; &lt;span class=&quot;k&quot;&gt;when&lt;/span&gt; &lt;span class=&quot;k&quot;&gt;'&lt;/span&gt;&lt;span class=&quot;nc&quot;&gt;TService&lt;/span&gt;&lt;span class=&quot;p&quot;&gt;:&lt;/span&gt; &lt;span class=&quot;k&quot;&gt;not&lt;/span&gt; &lt;span class=&quot;k&quot;&gt;struct&lt;/span&gt;&lt;span class=&quot;p&quot;&gt;&amp;gt;&lt;/span&gt;
        &lt;span class=&quot;p&quot;&gt;(&lt;/span&gt;
            &lt;span class=&quot;n&quot;&gt;services&lt;/span&gt;&lt;span class=&quot;p&quot;&gt;:&lt;/span&gt; &lt;span class=&quot;nc&quot;&gt;IServiceCollection&lt;/span&gt;&lt;span class=&quot;p&quot;&gt;,&lt;/span&gt;
            &lt;span class=&quot;n&quot;&gt;implementationFactory&lt;/span&gt;&lt;span class=&quot;p&quot;&gt;:&lt;/span&gt; &lt;span class=&quot;nc&quot;&gt;IServiceProvider&lt;/span&gt; &lt;span class=&quot;p&quot;&gt;-&amp;gt;&lt;/span&gt; &lt;span class=&quot;k&quot;&gt;'&lt;/span&gt;&lt;span class=&quot;nc&quot;&gt;TService&lt;/span&gt;
        &lt;span class=&quot;o&quot;&gt;):&lt;/span&gt; &lt;span class=&quot;nc&quot;&gt;IServiceCollection&lt;/span&gt; &lt;span class=&quot;p&quot;&gt;=&lt;/span&gt;
            &lt;span class=&quot;n&quot;&gt;services&lt;/span&gt;&lt;span class=&quot;p&quot;&gt;.&lt;/span&gt;&lt;span class=&quot;nc&quot;&gt;AddSingleton&lt;/span&gt;&lt;span class=&quot;p&quot;&gt;&amp;lt;&lt;/span&gt;&lt;span class=&quot;k&quot;&gt;'&lt;/span&gt;&lt;span class=&quot;nc&quot;&gt;TService&lt;/span&gt;&lt;span class=&quot;o&quot;&gt;&amp;gt;(&lt;/span&gt;&lt;span class=&quot;nc&quot;&gt;Func&lt;/span&gt;&lt;span class=&quot;p&quot;&gt;&amp;lt;&lt;/span&gt;&lt;span class=&quot;nc&quot;&gt;IServiceProvider&lt;/span&gt;&lt;span class=&quot;p&quot;&gt;,&lt;/span&gt; &lt;span class=&quot;k&quot;&gt;'&lt;/span&gt;&lt;span class=&quot;nc&quot;&gt;TService&lt;/span&gt;&lt;span class=&quot;p&quot;&gt;&amp;gt;&lt;/span&gt; &lt;span class=&quot;n&quot;&gt;implementationFactory&lt;/span&gt;&lt;span class=&quot;p&quot;&gt;)&lt;/span&gt;
&lt;/code&gt;&lt;/pre&gt;&lt;/div&gt;&lt;/div&gt;

&lt;p&gt;Vitae semper quis lectus &lt;a href=&quot;https://github.com/fsharp/fslang-design/blob/master/RFCs/FS-1035-consistent-delegate-type-directed-conversion.md&quot;&gt;RFC FS-1035&lt;/a&gt; nulla at volutpat diam ut venenatis. Ullamcorper morbi tincidunt ornare massa eget egestas purus viverra accumsan. Pretium quam vulputate dignissim suspendisse. Risus quis varius quam quisque id diam vel quam.&lt;/p&gt;

&lt;h1 id=&quot;resolving-the-functions&quot;&gt;Resolving the functions&lt;/h1&gt;

&lt;p&gt;Cras sed felis eget velit aliquet sagittis id consectetur:&lt;/p&gt;

&lt;div class=&quot;language-fsharp highlighter-rouge&quot;&gt;&lt;div class=&quot;highlight&quot;&gt;&lt;pre class=&quot;highlight&quot;&gt;&lt;code&gt;&lt;span class=&quot;k&quot;&gt;let&lt;/span&gt; &lt;span class=&quot;n&quot;&gt;handleOrder&lt;/span&gt; &lt;span class=&quot;p&quot;&gt;(&lt;/span&gt;&lt;span class=&quot;n&quot;&gt;order&lt;/span&gt;&lt;span class=&quot;p&quot;&gt;:&lt;/span&gt; &lt;span class=&quot;nc&quot;&gt;OrderRequest&lt;/span&gt;&lt;span class=&quot;p&quot;&gt;)&lt;/span&gt; &lt;span class=&quot;p&quot;&gt;:&lt;/span&gt; &lt;span class=&quot;nc&quot;&gt;HttpHandler&lt;/span&gt; &lt;span class=&quot;p&quot;&gt;=&lt;/span&gt;
    &lt;span class=&quot;k&quot;&gt;fun&lt;/span&gt; &lt;span class=&quot;p&quot;&gt;(&lt;/span&gt;&lt;span class=&quot;n&quot;&gt;next&lt;/span&gt; &lt;span class=&quot;p&quot;&gt;:&lt;/span&gt; &lt;span class=&quot;nc&quot;&gt;HttpFunc&lt;/span&gt;&lt;span class=&quot;p&quot;&gt;)&lt;/span&gt; &lt;span class=&quot;p&quot;&gt;(&lt;/span&gt;&lt;span class=&quot;n&quot;&gt;ctx&lt;/span&gt; &lt;span class=&quot;p&quot;&gt;:&lt;/span&gt; &lt;span class=&quot;nc&quot;&gt;HttpContext&lt;/span&gt;&lt;span class=&quot;p&quot;&gt;)&lt;/span&gt; &lt;span class=&quot;p&quot;&gt;-&amp;gt;&lt;/span&gt;
        &lt;span class=&quot;n&quot;&gt;task&lt;/span&gt; &lt;span class=&quot;p&quot;&gt;{&lt;/span&gt;
            &lt;span class=&quot;c1&quot;&gt;// Use function signature to resolve the order number generator from DI container (FIX)`&lt;/span&gt;
            &lt;span class=&quot;k&quot;&gt;let&lt;/span&gt; &lt;span class=&quot;n&quot;&gt;generateOrderNumber&lt;/span&gt; &lt;span class=&quot;p&quot;&gt;=&lt;/span&gt; &lt;span class=&quot;n&quot;&gt;ctx&lt;/span&gt;&lt;span class=&quot;p&quot;&gt;.&lt;/span&gt;&lt;span class=&quot;nc&quot;&gt;GetService&lt;/span&gt;&lt;span class=&quot;p&quot;&gt;&amp;lt;&lt;/span&gt;&lt;span class=&quot;nc&quot;&gt;Product&lt;/span&gt; &lt;span class=&quot;p&quot;&gt;-&amp;gt;&lt;/span&gt; &lt;span class=&quot;nc&quot;&gt;OrderNumber&lt;/span&gt;&lt;span class=&quot;o&quot;&gt;&amp;gt;()&lt;/span&gt;
            
            &lt;span class=&quot;c1&quot;&gt;// Generate order number using the resolved generator function&lt;/span&gt;
            &lt;span class=&quot;k&quot;&gt;let&lt;/span&gt; &lt;span class=&quot;n&quot;&gt;orderNumber&lt;/span&gt; &lt;span class=&quot;p&quot;&gt;=&lt;/span&gt; &lt;span class=&quot;n&quot;&gt;generateOrderNumber&lt;/span&gt; &lt;span class=&quot;n&quot;&gt;product&lt;/span&gt;

            &lt;span class=&quot;c1&quot;&gt;// Send back order confirmation with order number&lt;/span&gt;
            &lt;span class=&quot;k&quot;&gt;let&lt;/span&gt; &lt;span class=&quot;n&quot;&gt;orderConfirmation&lt;/span&gt; &lt;span class=&quot;p&quot;&gt;=&lt;/span&gt; &lt;span class=&quot;p&quot;&gt;{&lt;/span&gt; &lt;span class=&quot;nc&quot;&gt;OrderNumber&lt;/span&gt; &lt;span class=&quot;p&quot;&gt;=&lt;/span&gt; &lt;span class=&quot;n&quot;&gt;orderNumber&lt;/span&gt;&lt;span class=&quot;p&quot;&gt;.&lt;/span&gt;&lt;span class=&quot;nc&quot;&gt;ToString&lt;/span&gt; &lt;span class=&quot;bp&quot;&gt;()&lt;/span&gt; &lt;span class=&quot;p&quot;&gt;}&lt;/span&gt;
            &lt;span class=&quot;k&quot;&gt;return&lt;/span&gt;&lt;span class=&quot;o&quot;&gt;!&lt;/span&gt; &lt;span class=&quot;n&quot;&gt;json&lt;/span&gt; &lt;span class=&quot;n&quot;&gt;orderConfirmation&lt;/span&gt; &lt;span class=&quot;n&quot;&gt;next&lt;/span&gt; &lt;span class=&quot;n&quot;&gt;ctx&lt;/span&gt;
        &lt;span class=&quot;p&quot;&gt;}&lt;/span&gt;
&lt;/code&gt;&lt;/pre&gt;&lt;/div&gt;&lt;/div&gt;

&lt;p&gt;Condimentum mattis pellentesque id nibh tortor id aliquet. Donec ultrices tincidunt arcu non sodales neque sodales.&lt;/p&gt;

&lt;p&gt;Mattis molestie a iaculis at erat pellentesque adipiscing commodo elit. Ac turpis egestas maecenas pharetra convallis. Scelerisque fermentum dui faucibus in ornare quam viverra.&lt;/p&gt;

&lt;p&gt;Quam lacus suspendisse faucibus interdum. Ut enim blandit volutpat maecenas volutpat blandit aliquam etiam. Suspendisse faucibus interdum posuere lorem ipsum dolor sit amet. Malesuada fames ac turpis egestas maecenas pharetra convallis posuere morbi. Eget nunc lobortis mattis aliquam faucibus purus in massa.&lt;/p&gt;

&lt;h1 id=&quot;disposing-resources&quot;&gt;Disposing resources&lt;/h1&gt;

&lt;p&gt;Vel elit scelerisque mauris pellentesque pulvinar pellentesque habitant.&lt;/p&gt;

&lt;p&gt;In est ante in nibh mauris cursus mattis molestie. Interdum consectetur libero id faucibus nisl tincidunt eget nullam.&lt;/p&gt;

&lt;p&gt;Nisi lacus sed viverra tellus in hac habitasse. Mattis nunc sed blandit libero volutpat sed cras ornare:&lt;/p&gt;

&lt;div class=&quot;language-fsharp highlighter-rouge&quot;&gt;&lt;div class=&quot;highlight&quot;&gt;&lt;pre class=&quot;highlight&quot;&gt;&lt;code&gt;&lt;span class=&quot;k&quot;&gt;module&lt;/span&gt; &lt;span class=&quot;nc&quot;&gt;OrderPlacement&lt;/span&gt; &lt;span class=&quot;p&quot;&gt;=&lt;/span&gt;

    &lt;span class=&quot;k&quot;&gt;let&lt;/span&gt; &lt;span class=&quot;k&quot;&gt;private&lt;/span&gt; &lt;span class=&quot;n&quot;&gt;saveOrder&lt;/span&gt; &lt;span class=&quot;n&quot;&gt;file&lt;/span&gt; &lt;span class=&quot;n&quot;&gt;orderNumber&lt;/span&gt; &lt;span class=&quot;n&quot;&gt;product&lt;/span&gt; &lt;span class=&quot;n&quot;&gt;quantity&lt;/span&gt; &lt;span class=&quot;p&quot;&gt;=&lt;/span&gt;
        &lt;span class=&quot;k&quot;&gt;let&lt;/span&gt; &lt;span class=&quot;p&quot;&gt;(&lt;/span&gt;&lt;span class=&quot;nc&quot;&gt;ProductId&lt;/span&gt; &lt;span class=&quot;n&quot;&gt;productId&lt;/span&gt;&lt;span class=&quot;p&quot;&gt;)&lt;/span&gt; &lt;span class=&quot;p&quot;&gt;=&lt;/span&gt; &lt;span class=&quot;n&quot;&gt;product&lt;/span&gt;
        &lt;span class=&quot;k&quot;&gt;let&lt;/span&gt; &lt;span class=&quot;p&quot;&gt;(&lt;/span&gt;&lt;span class=&quot;nc&quot;&gt;Pcs&lt;/span&gt; &lt;span class=&quot;n&quot;&gt;quantityPcs&lt;/span&gt;&lt;span class=&quot;p&quot;&gt;)&lt;/span&gt; &lt;span class=&quot;p&quot;&gt;=&lt;/span&gt; &lt;span class=&quot;n&quot;&gt;quantity&lt;/span&gt;
        &lt;span class=&quot;n&quot;&gt;fprintfn&lt;/span&gt; &lt;span class=&quot;n&quot;&gt;file&lt;/span&gt; &lt;span class=&quot;s2&quot;&gt;&quot;Order# %s, Product: %d, Quantity (pcs): %d&quot;&lt;/span&gt; &lt;span class=&quot;p&quot;&gt;(&lt;/span&gt;&lt;span class=&quot;n&quot;&gt;orderNumber&lt;/span&gt;&lt;span class=&quot;p&quot;&gt;.&lt;/span&gt;&lt;span class=&quot;nc&quot;&gt;ToString&lt;/span&gt; &lt;span class=&quot;bp&quot;&gt;()&lt;/span&gt;&lt;span class=&quot;p&quot;&gt;)&lt;/span&gt; &lt;span class=&quot;n&quot;&gt;productId&lt;/span&gt; &lt;span class=&quot;n&quot;&gt;quantityPcs&lt;/span&gt;

    &lt;span class=&quot;k&quot;&gt;let&lt;/span&gt; &lt;span class=&quot;k&quot;&gt;private&lt;/span&gt; &lt;span class=&quot;n&quot;&gt;placeOrder&lt;/span&gt; &lt;span class=&quot;n&quot;&gt;generateOrderNumber&lt;/span&gt; &lt;span class=&quot;n&quot;&gt;orderFile&lt;/span&gt; &lt;span class=&quot;p&quot;&gt;(&lt;/span&gt;&lt;span class=&quot;n&quot;&gt;product&lt;/span&gt;&lt;span class=&quot;p&quot;&gt;:&lt;/span&gt; &lt;span class=&quot;nc&quot;&gt;Product&lt;/span&gt;&lt;span class=&quot;p&quot;&gt;)&lt;/span&gt; &lt;span class=&quot;p&quot;&gt;(&lt;/span&gt;&lt;span class=&quot;n&quot;&gt;quantity&lt;/span&gt;&lt;span class=&quot;p&quot;&gt;:&lt;/span&gt; &lt;span class=&quot;nc&quot;&gt;Quantity&lt;/span&gt;&lt;span class=&quot;p&quot;&gt;)&lt;/span&gt; &lt;span class=&quot;p&quot;&gt;:&lt;/span&gt; &lt;span class=&quot;nc&quot;&gt;OrderConfirmation&lt;/span&gt; &lt;span class=&quot;p&quot;&gt;=&lt;/span&gt;
        &lt;span class=&quot;c1&quot;&gt;// Generate order number using the resolved generator function&lt;/span&gt;
        &lt;span class=&quot;k&quot;&gt;let&lt;/span&gt; &lt;span class=&quot;n&quot;&gt;orderNumber&lt;/span&gt; &lt;span class=&quot;p&quot;&gt;=&lt;/span&gt; &lt;span class=&quot;n&quot;&gt;generateOrderNumber&lt;/span&gt; &lt;span class=&quot;n&quot;&gt;product&lt;/span&gt;

        &lt;span class=&quot;c1&quot;&gt;// TODO: Comment&lt;/span&gt;
        &lt;span class=&quot;n&quot;&gt;saveOrder&lt;/span&gt; &lt;span class=&quot;n&quot;&gt;orderFile&lt;/span&gt; &lt;span class=&quot;n&quot;&gt;orderNumber&lt;/span&gt; &lt;span class=&quot;n&quot;&gt;product&lt;/span&gt; &lt;span class=&quot;n&quot;&gt;quantity&lt;/span&gt;
    
        &lt;span class=&quot;c1&quot;&gt;// Order confirmation&lt;/span&gt;
        &lt;span class=&quot;p&quot;&gt;{&lt;/span&gt; &lt;span class=&quot;nc&quot;&gt;OrderNumber&lt;/span&gt; &lt;span class=&quot;p&quot;&gt;=&lt;/span&gt; &lt;span class=&quot;n&quot;&gt;orderNumber&lt;/span&gt;&lt;span class=&quot;p&quot;&gt;.&lt;/span&gt;&lt;span class=&quot;nc&quot;&gt;ToString&lt;/span&gt; &lt;span class=&quot;bp&quot;&gt;()&lt;/span&gt; &lt;span class=&quot;p&quot;&gt;}&lt;/span&gt;
&lt;/code&gt;&lt;/pre&gt;&lt;/div&gt;&lt;/div&gt;

&lt;h2 id=&quot;disposable-function&quot;&gt;Disposable function&lt;/h2&gt;

&lt;p&gt;Massa ultricies mi quis hendrerit dolor. Pellentesque elit eget gravida cum sociis natoque penatibus et.&lt;/p&gt;

&lt;p&gt;Curabitur vitae nunc sed velit dignissim sodales ut. Auctor eu augue ut lectus arcu. Tincidunt dui ut ornare lectus sit amet est &lt;code class=&quot;highlighter-rouge&quot;&gt;FSharpFunc&amp;lt;T, TRes&amp;gt;&lt;/code&gt; placerat.&lt;/p&gt;

&lt;div class=&quot;language-fsharp highlighter-rouge&quot;&gt;&lt;div class=&quot;highlight&quot;&gt;&lt;pre class=&quot;highlight&quot;&gt;&lt;code&gt;&lt;span class=&quot;p&quot;&gt;[&amp;lt;&lt;/span&gt;&lt;span class=&quot;nc&quot;&gt;AbstractClass&lt;/span&gt;&lt;span class=&quot;p&quot;&gt;&amp;gt;]&lt;/span&gt;
&lt;span class=&quot;k&quot;&gt;type&lt;/span&gt; &lt;span class=&quot;nc&quot;&gt;FSharpFunc&lt;/span&gt;&lt;span class=&quot;p&quot;&gt;&amp;lt;&lt;/span&gt;&lt;span class=&quot;k&quot;&gt;'&lt;/span&gt;&lt;span class=&quot;nc&quot;&gt;T&lt;/span&gt;&lt;span class=&quot;p&quot;&gt;,&lt;/span&gt;&lt;span class=&quot;k&quot;&gt;'&lt;/span&gt;&lt;span class=&quot;nc&quot;&gt;Res&lt;/span&gt;&lt;span class=&quot;p&quot;&gt;&amp;gt;&lt;/span&gt; &lt;span class=&quot;p&quot;&gt;[&amp;lt;&lt;/span&gt;&lt;span class=&quot;nc&quot;&gt;DebuggerHidden&lt;/span&gt;&lt;span class=&quot;p&quot;&gt;&amp;gt;]&lt;/span&gt; &lt;span class=&quot;bp&quot;&gt;()&lt;/span&gt; &lt;span class=&quot;p&quot;&gt;=&lt;/span&gt; 
    &lt;span class=&quot;k&quot;&gt;abstract&lt;/span&gt; &lt;span class=&quot;nc&quot;&gt;Invoke&lt;/span&gt; &lt;span class=&quot;p&quot;&gt;:&lt;/span&gt; &lt;span class=&quot;k&quot;&gt;'&lt;/span&gt;&lt;span class=&quot;nc&quot;&gt;T&lt;/span&gt; &lt;span class=&quot;p&quot;&gt;-&amp;gt;&lt;/span&gt; &lt;span class=&quot;k&quot;&gt;'&lt;/span&gt;&lt;span class=&quot;nc&quot;&gt;Res&lt;/span&gt;
&lt;/code&gt;&lt;/pre&gt;&lt;/div&gt;&lt;/div&gt;

&lt;p&gt;Ornare massa eget egestas purus viverra accumsan in nisl nisi. Augue interdum velit euismod in. Nec tincidunt praesent semper &lt;code class=&quot;highlighter-rouge&quot;&gt;IDisposable&lt;/code&gt; nibh sed pulvinar.&lt;/p&gt;

&lt;p&gt;A lacus vestibulum sed arcu non odio euismod lacinia at. Proin fermentum leo vel orci. Dictumst quisque sagittis purus sit amet volutpat consequat mauris nunc.&lt;/p&gt;

&lt;div class=&quot;language-fsharp highlighter-rouge&quot;&gt;&lt;div class=&quot;highlight&quot;&gt;&lt;pre class=&quot;highlight&quot;&gt;&lt;code&gt;&lt;span class=&quot;k&quot;&gt;module&lt;/span&gt; &lt;span class=&quot;nc&quot;&gt;ServiceCollectionUtils&lt;/span&gt; &lt;span class=&quot;p&quot;&gt;=&lt;/span&gt;

    &lt;span class=&quot;k&quot;&gt;type&lt;/span&gt; &lt;span class=&quot;k&quot;&gt;private&lt;/span&gt; &lt;span class=&quot;nc&quot;&gt;DisposableFunc&lt;/span&gt;&lt;span class=&quot;p&quot;&gt;&amp;lt;&lt;/span&gt;&lt;span class=&quot;k&quot;&gt;'&lt;/span&gt;&lt;span class=&quot;nc&quot;&gt;T&lt;/span&gt;&lt;span class=&quot;p&quot;&gt;,&lt;/span&gt; &lt;span class=&quot;k&quot;&gt;'&lt;/span&gt;&lt;span class=&quot;nc&quot;&gt;TRes&lt;/span&gt;&lt;span class=&quot;p&quot;&gt;&amp;gt;&lt;/span&gt; &lt;span class=&quot;p&quot;&gt;(&lt;/span&gt;&lt;span class=&quot;n&quot;&gt;invokeFunc&lt;/span&gt;&lt;span class=&quot;p&quot;&gt;:&lt;/span&gt; &lt;span class=&quot;k&quot;&gt;'&lt;/span&gt;&lt;span class=&quot;nc&quot;&gt;T&lt;/span&gt; &lt;span class=&quot;p&quot;&gt;-&amp;gt;&lt;/span&gt; &lt;span class=&quot;k&quot;&gt;'&lt;/span&gt;&lt;span class=&quot;nc&quot;&gt;TRes&lt;/span&gt;&lt;span class=&quot;p&quot;&gt;,&lt;/span&gt; &lt;span class=&quot;n&quot;&gt;disposeFunc&lt;/span&gt;&lt;span class=&quot;p&quot;&gt;:&lt;/span&gt; &lt;span class=&quot;kt&quot;&gt;unit&lt;/span&gt; &lt;span class=&quot;p&quot;&gt;-&amp;gt;&lt;/span&gt; &lt;span class=&quot;kt&quot;&gt;unit&lt;/span&gt;&lt;span class=&quot;p&quot;&gt;)&lt;/span&gt; &lt;span class=&quot;p&quot;&gt;=&lt;/span&gt;
        &lt;span class=&quot;k&quot;&gt;inherit&lt;/span&gt; &lt;span class=&quot;nc&quot;&gt;FSharpFunc&lt;/span&gt;&lt;span class=&quot;p&quot;&gt;&amp;lt;&lt;/span&gt;&lt;span class=&quot;k&quot;&gt;'&lt;/span&gt;&lt;span class=&quot;nc&quot;&gt;T&lt;/span&gt;&lt;span class=&quot;p&quot;&gt;,&lt;/span&gt; &lt;span class=&quot;k&quot;&gt;'&lt;/span&gt;&lt;span class=&quot;nc&quot;&gt;TRes&lt;/span&gt;&lt;span class=&quot;o&quot;&gt;&amp;gt;()&lt;/span&gt;

        &lt;span class=&quot;k&quot;&gt;override&lt;/span&gt; &lt;span class=&quot;n&quot;&gt;this&lt;/span&gt;&lt;span class=&quot;p&quot;&gt;.&lt;/span&gt;&lt;span class=&quot;nc&quot;&gt;Invoke&lt;/span&gt; &lt;span class=&quot;n&quot;&gt;arg&lt;/span&gt; &lt;span class=&quot;p&quot;&gt;=&lt;/span&gt; &lt;span class=&quot;n&quot;&gt;invokeFunc&lt;/span&gt; &lt;span class=&quot;n&quot;&gt;arg&lt;/span&gt;

        &lt;span class=&quot;k&quot;&gt;interface&lt;/span&gt; &lt;span class=&quot;nc&quot;&gt;IDisposable&lt;/span&gt; &lt;span class=&quot;k&quot;&gt;with&lt;/span&gt;
            &lt;span class=&quot;k&quot;&gt;member&lt;/span&gt; &lt;span class=&quot;n&quot;&gt;this&lt;/span&gt;&lt;span class=&quot;p&quot;&gt;.&lt;/span&gt;&lt;span class=&quot;nc&quot;&gt;Dispose&lt;/span&gt;&lt;span class=&quot;bp&quot;&gt;()&lt;/span&gt; &lt;span class=&quot;p&quot;&gt;=&lt;/span&gt; &lt;span class=&quot;n&quot;&gt;disposeFunc&lt;/span&gt; &lt;span class=&quot;bp&quot;&gt;()&lt;/span&gt;
&lt;/code&gt;&lt;/pre&gt;&lt;/div&gt;&lt;/div&gt;

&lt;p&gt;Convallis aenean et tortor at risus viverra. Fames ac turpis egestas maecenas pharetra. Tempor orci eu lobortis elementum nibh. Neque vitae tempus quam pellentesque nec nam aliquam sem. Ac orci phasellus egestas tellus rutrum tellus.&lt;/p&gt;

&lt;h2 id=&quot;helper-function&quot;&gt;Helper function&lt;/h2&gt;

&lt;p&gt;Enim eu turpis egestas pretium aenean pharetra magna ac placerat.&lt;/p&gt;

&lt;div class=&quot;language-fsharp highlighter-rouge&quot;&gt;&lt;div class=&quot;highlight&quot;&gt;&lt;pre class=&quot;highlight&quot;&gt;&lt;code&gt;&lt;span class=&quot;c1&quot;&gt;// TODO: Better naming of parameters&lt;/span&gt;
&lt;span class=&quot;k&quot;&gt;let&lt;/span&gt; &lt;span class=&quot;n&quot;&gt;withDispose&lt;/span&gt; &lt;span class=&quot;p&quot;&gt;(&lt;/span&gt;&lt;span class=&quot;n&quot;&gt;func&lt;/span&gt;&lt;span class=&quot;p&quot;&gt;:&lt;/span&gt; &lt;span class=&quot;k&quot;&gt;'&lt;/span&gt;&lt;span class=&quot;n&quot;&gt;a&lt;/span&gt; &lt;span class=&quot;p&quot;&gt;-&amp;gt;&lt;/span&gt; &lt;span class=&quot;k&quot;&gt;'&lt;/span&gt;&lt;span class=&quot;n&quot;&gt;b&lt;/span&gt;&lt;span class=&quot;p&quot;&gt;)&lt;/span&gt; &lt;span class=&quot;p&quot;&gt;(&lt;/span&gt;&lt;span class=&quot;n&quot;&gt;dispose&lt;/span&gt;&lt;span class=&quot;p&quot;&gt;:&lt;/span&gt; &lt;span class=&quot;kt&quot;&gt;unit&lt;/span&gt; &lt;span class=&quot;p&quot;&gt;-&amp;gt;&lt;/span&gt; &lt;span class=&quot;kt&quot;&gt;unit&lt;/span&gt;&lt;span class=&quot;o&quot;&gt;):&lt;/span&gt; &lt;span class=&quot;k&quot;&gt;'&lt;/span&gt;&lt;span class=&quot;n&quot;&gt;a&lt;/span&gt; &lt;span class=&quot;p&quot;&gt;-&amp;gt;&lt;/span&gt; &lt;span class=&quot;k&quot;&gt;'&lt;/span&gt;&lt;span class=&quot;n&quot;&gt;b&lt;/span&gt; &lt;span class=&quot;p&quot;&gt;=&lt;/span&gt;
    &lt;span class=&quot;k&quot;&gt;new&lt;/span&gt; &lt;span class=&quot;nc&quot;&gt;DisposableFunc&lt;/span&gt;&lt;span class=&quot;p&quot;&gt;&amp;lt;&lt;/span&gt;&lt;span class=&quot;k&quot;&gt;'&lt;/span&gt;&lt;span class=&quot;n&quot;&gt;a&lt;/span&gt;&lt;span class=&quot;p&quot;&gt;,&lt;/span&gt; &lt;span class=&quot;k&quot;&gt;'&lt;/span&gt;&lt;span class=&quot;n&quot;&gt;b&lt;/span&gt;&lt;span class=&quot;p&quot;&gt;&amp;gt;&lt;/span&gt; &lt;span class=&quot;p&quot;&gt;(&lt;/span&gt;&lt;span class=&quot;n&quot;&gt;func&lt;/span&gt;&lt;span class=&quot;p&quot;&gt;,&lt;/span&gt; &lt;span class=&quot;n&quot;&gt;dispose&lt;/span&gt;&lt;span class=&quot;p&quot;&gt;)&lt;/span&gt; &lt;span class=&quot;p&quot;&gt;|&amp;gt;&lt;/span&gt; &lt;span class=&quot;n&quot;&gt;box&lt;/span&gt; &lt;span class=&quot;p&quot;&gt;|&amp;gt;&lt;/span&gt; &lt;span class=&quot;n&quot;&gt;unbox&lt;/span&gt;&lt;span class=&quot;p&quot;&gt;&amp;lt;&lt;/span&gt;&lt;span class=&quot;k&quot;&gt;'&lt;/span&gt;&lt;span class=&quot;n&quot;&gt;a&lt;/span&gt; &lt;span class=&quot;p&quot;&gt;-&amp;gt;&lt;/span&gt; &lt;span class=&quot;k&quot;&gt;'&lt;/span&gt;&lt;span class=&quot;n&quot;&gt;b&lt;/span&gt;&lt;span class=&quot;p&quot;&gt;&amp;gt;&lt;/span&gt;
&lt;/code&gt;&lt;/pre&gt;&lt;/div&gt;&lt;/div&gt;

&lt;p&gt;Nec feugiat nisl pretium fusce id velit ut tortor pretium. Euismod elementum nisi quis eleifend quam.&lt;/p&gt;

&lt;div class=&quot;language-fsharp highlighter-rouge&quot;&gt;&lt;div class=&quot;highlight&quot;&gt;&lt;pre class=&quot;highlight&quot;&gt;&lt;code&gt;&lt;span class=&quot;k&quot;&gt;let&lt;/span&gt; &lt;span class=&quot;n&quot;&gt;factory&lt;/span&gt; &lt;span class=&quot;p&quot;&gt;(&lt;/span&gt;&lt;span class=&quot;n&quot;&gt;services&lt;/span&gt;&lt;span class=&quot;p&quot;&gt;:&lt;/span&gt; &lt;span class=&quot;nc&quot;&gt;IServiceProvider&lt;/span&gt;&lt;span class=&quot;o&quot;&gt;):&lt;/span&gt; &lt;span class=&quot;p&quot;&gt;(&lt;/span&gt;&lt;span class=&quot;nc&quot;&gt;Product&lt;/span&gt; &lt;span class=&quot;p&quot;&gt;-&amp;gt;&lt;/span&gt; &lt;span class=&quot;nc&quot;&gt;Quantity&lt;/span&gt;&lt;span class=&quot;p&quot;&gt;-&amp;gt;&lt;/span&gt; &lt;span class=&quot;nc&quot;&gt;OrderConfirmation&lt;/span&gt;&lt;span class=&quot;p&quot;&gt;)&lt;/span&gt; &lt;span class=&quot;p&quot;&gt;=&lt;/span&gt;
    &lt;span class=&quot;k&quot;&gt;let&lt;/span&gt; &lt;span class=&quot;n&quot;&gt;generateOrderNumber&lt;/span&gt; &lt;span class=&quot;p&quot;&gt;=&lt;/span&gt; &lt;span class=&quot;n&quot;&gt;services&lt;/span&gt;&lt;span class=&quot;p&quot;&gt;.&lt;/span&gt;&lt;span class=&quot;nc&quot;&gt;GetService&lt;/span&gt;&lt;span class=&quot;p&quot;&gt;&amp;lt;&lt;/span&gt;&lt;span class=&quot;nc&quot;&gt;Product&lt;/span&gt; &lt;span class=&quot;p&quot;&gt;-&amp;gt;&lt;/span&gt; &lt;span class=&quot;nc&quot;&gt;OrderNumber&lt;/span&gt;&lt;span class=&quot;o&quot;&gt;&amp;gt;()&lt;/span&gt;

    &lt;span class=&quot;c1&quot;&gt;// File for saving placed orders&lt;/span&gt;
    &lt;span class=&quot;k&quot;&gt;let&lt;/span&gt; &lt;span class=&quot;n&quot;&gt;orderFile&lt;/span&gt; &lt;span class=&quot;p&quot;&gt;=&lt;/span&gt; &lt;span class=&quot;k&quot;&gt;new&lt;/span&gt; &lt;span class=&quot;nc&quot;&gt;StreamWriter&lt;/span&gt;&lt;span class=&quot;p&quot;&gt;(&lt;/span&gt;&lt;span class=&quot;s2&quot;&gt;&quot;./orders.txt&quot;&lt;/span&gt;&lt;span class=&quot;p&quot;&gt;,&lt;/span&gt; &lt;span class=&quot;bp&quot;&gt;true&lt;/span&gt;&lt;span class=&quot;p&quot;&gt;,&lt;/span&gt; &lt;span class=&quot;k&quot;&gt;new&lt;/span&gt; &lt;span class=&quot;nc&quot;&gt;UTF8Encoding&lt;/span&gt;&lt;span class=&quot;p&quot;&gt;(&lt;/span&gt;&lt;span class=&quot;bp&quot;&gt;false&lt;/span&gt;&lt;span class=&quot;o&quot;&gt;))&lt;/span&gt; &lt;span class=&quot;p&quot;&gt;:&amp;gt;&lt;/span&gt; &lt;span class=&quot;nc&quot;&gt;TextWriter&lt;/span&gt;

    &lt;span class=&quot;c1&quot;&gt;// Partially apply the function with dependency parameters&lt;/span&gt;
    &lt;span class=&quot;n&quot;&gt;placeOrder&lt;/span&gt; &lt;span class=&quot;n&quot;&gt;generateOrderNumber&lt;/span&gt; &lt;span class=&quot;n&quot;&gt;orderFile&lt;/span&gt; &lt;span class=&quot;p&quot;&gt;|&amp;gt;&lt;/span&gt; &lt;span class=&quot;n&quot;&gt;withDispose&lt;/span&gt; &lt;span class=&quot;n&quot;&gt;orderFile&lt;/span&gt;&lt;span class=&quot;p&quot;&gt;.&lt;/span&gt;&lt;span class=&quot;nc&quot;&gt;Close&lt;/span&gt;
&lt;/code&gt;&lt;/pre&gt;&lt;/div&gt;&lt;/div&gt;

&lt;p&gt;Tellus orci ac auctor augue mauris. Id aliquet lectus proin nibh nisl condimentum. Enim ut tellus elementum sagittis vitae et leo duis ut. Urna duis convallis convallis tellus id interdum velit.&lt;/p&gt;

&lt;div class=&quot;language-fsharp highlighter-rouge&quot;&gt;&lt;div class=&quot;highlight&quot;&gt;&lt;pre class=&quot;highlight&quot;&gt;&lt;code&gt;&lt;span class=&quot;k&quot;&gt;let&lt;/span&gt; &lt;span class=&quot;n&quot;&gt;configureServices&lt;/span&gt; &lt;span class=&quot;p&quot;&gt;(&lt;/span&gt;&lt;span class=&quot;n&quot;&gt;services&lt;/span&gt; &lt;span class=&quot;p&quot;&gt;:&lt;/span&gt; &lt;span class=&quot;nc&quot;&gt;IServiceCollection&lt;/span&gt;&lt;span class=&quot;p&quot;&gt;)&lt;/span&gt; &lt;span class=&quot;p&quot;&gt;=&lt;/span&gt;
    &lt;span class=&quot;c1&quot;&gt;// Registration of services to DI container&lt;/span&gt;
    &lt;span class=&quot;n&quot;&gt;services&lt;/span&gt;&lt;span class=&quot;p&quot;&gt;.&lt;/span&gt;&lt;span class=&quot;nc&quot;&gt;AddSingleton&lt;/span&gt;&lt;span class=&quot;p&quot;&gt;&amp;lt;&lt;/span&gt;&lt;span class=&quot;nc&quot;&gt;Product&lt;/span&gt; &lt;span class=&quot;p&quot;&gt;-&amp;gt;&lt;/span&gt; &lt;span class=&quot;nc&quot;&gt;OrderNumber&lt;/span&gt;&lt;span class=&quot;o&quot;&gt;&amp;gt;(&lt;/span&gt;&lt;span class=&quot;nn&quot;&gt;OrderNumbering&lt;/span&gt;&lt;span class=&quot;p&quot;&gt;.&lt;/span&gt;&lt;span class=&quot;n&quot;&gt;factory&lt;/span&gt;&lt;span class=&quot;p&quot;&gt;)&lt;/span&gt; &lt;span class=&quot;p&quot;&gt;|&amp;gt;&lt;/span&gt; &lt;span class=&quot;n&quot;&gt;ignore&lt;/span&gt;
    &lt;span class=&quot;n&quot;&gt;services&lt;/span&gt;&lt;span class=&quot;p&quot;&gt;.&lt;/span&gt;&lt;span class=&quot;nc&quot;&gt;AddSingleton&lt;/span&gt;&lt;span class=&quot;p&quot;&gt;&amp;lt;&lt;/span&gt;&lt;span class=&quot;nc&quot;&gt;Product&lt;/span&gt; &lt;span class=&quot;p&quot;&gt;-&amp;gt;&lt;/span&gt; &lt;span class=&quot;nc&quot;&gt;Quantity&lt;/span&gt; &lt;span class=&quot;p&quot;&gt;-&amp;gt;&lt;/span&gt; &lt;span class=&quot;nc&quot;&gt;OrderConfirmation&lt;/span&gt;&lt;span class=&quot;o&quot;&gt;&amp;gt;(&lt;/span&gt;&lt;span class=&quot;nn&quot;&gt;OrderPlacement&lt;/span&gt;&lt;span class=&quot;p&quot;&gt;.&lt;/span&gt;&lt;span class=&quot;n&quot;&gt;factory&lt;/span&gt;&lt;span class=&quot;p&quot;&gt;)&lt;/span&gt; &lt;span class=&quot;p&quot;&gt;|&amp;gt;&lt;/span&gt; &lt;span class=&quot;n&quot;&gt;ignore&lt;/span&gt;
    &lt;span class=&quot;n&quot;&gt;services&lt;/span&gt;&lt;span class=&quot;p&quot;&gt;.&lt;/span&gt;&lt;span class=&quot;nc&quot;&gt;AddGiraffe&lt;/span&gt;&lt;span class=&quot;bp&quot;&gt;()&lt;/span&gt; &lt;span class=&quot;p&quot;&gt;|&amp;gt;&lt;/span&gt; &lt;span class=&quot;n&quot;&gt;ignore&lt;/span&gt;
&lt;/code&gt;&lt;/pre&gt;&lt;/div&gt;&lt;/div&gt;

&lt;p&gt;Cras sed felis eget velit aliquet sagittis id consectetur. Lacus sed turpis tincidunt id aliquet risus. Nulla facilisi morbi tempus iaculis urna:&lt;/p&gt;

&lt;div class=&quot;language-fsharp highlighter-rouge&quot;&gt;&lt;div class=&quot;highlight&quot;&gt;&lt;pre class=&quot;highlight&quot;&gt;&lt;code&gt;&lt;span class=&quot;c1&quot;&gt;// Our application logic here: handling customer orders&lt;/span&gt;
&lt;span class=&quot;k&quot;&gt;let&lt;/span&gt; &lt;span class=&quot;n&quot;&gt;handleOrder&lt;/span&gt; &lt;span class=&quot;p&quot;&gt;(&lt;/span&gt;&lt;span class=&quot;n&quot;&gt;order&lt;/span&gt;&lt;span class=&quot;p&quot;&gt;:&lt;/span&gt; &lt;span class=&quot;nc&quot;&gt;OrderRequest&lt;/span&gt;&lt;span class=&quot;p&quot;&gt;)&lt;/span&gt; &lt;span class=&quot;p&quot;&gt;:&lt;/span&gt; &lt;span class=&quot;nc&quot;&gt;HttpHandler&lt;/span&gt; &lt;span class=&quot;p&quot;&gt;=&lt;/span&gt;
    &lt;span class=&quot;k&quot;&gt;fun&lt;/span&gt; &lt;span class=&quot;p&quot;&gt;(&lt;/span&gt;&lt;span class=&quot;n&quot;&gt;next&lt;/span&gt; &lt;span class=&quot;p&quot;&gt;:&lt;/span&gt; &lt;span class=&quot;nc&quot;&gt;HttpFunc&lt;/span&gt;&lt;span class=&quot;p&quot;&gt;)&lt;/span&gt; &lt;span class=&quot;p&quot;&gt;(&lt;/span&gt;&lt;span class=&quot;n&quot;&gt;ctx&lt;/span&gt; &lt;span class=&quot;p&quot;&gt;:&lt;/span&gt; &lt;span class=&quot;nc&quot;&gt;HttpContext&lt;/span&gt;&lt;span class=&quot;p&quot;&gt;)&lt;/span&gt; &lt;span class=&quot;p&quot;&gt;-&amp;gt;&lt;/span&gt;
        &lt;span class=&quot;n&quot;&gt;task&lt;/span&gt; &lt;span class=&quot;p&quot;&gt;{&lt;/span&gt;
            &lt;span class=&quot;c1&quot;&gt;// TODO: Comment&lt;/span&gt;
            &lt;span class=&quot;k&quot;&gt;let&lt;/span&gt; &lt;span class=&quot;n&quot;&gt;placeOrder&lt;/span&gt; &lt;span class=&quot;p&quot;&gt;=&lt;/span&gt; &lt;span class=&quot;n&quot;&gt;ctx&lt;/span&gt;&lt;span class=&quot;p&quot;&gt;.&lt;/span&gt;&lt;span class=&quot;nc&quot;&gt;GetService&lt;/span&gt;&lt;span class=&quot;p&quot;&gt;&amp;lt;&lt;/span&gt;&lt;span class=&quot;nc&quot;&gt;Product&lt;/span&gt; &lt;span class=&quot;p&quot;&gt;-&amp;gt;&lt;/span&gt; &lt;span class=&quot;nc&quot;&gt;Quantity&lt;/span&gt; &lt;span class=&quot;p&quot;&gt;-&amp;gt;&lt;/span&gt; &lt;span class=&quot;nc&quot;&gt;OrderConfirmation&lt;/span&gt;&lt;span class=&quot;o&quot;&gt;&amp;gt;()&lt;/span&gt;

            &lt;span class=&quot;c1&quot;&gt;// TODO: Comment&lt;/span&gt;
            &lt;span class=&quot;k&quot;&gt;let&lt;/span&gt; &lt;span class=&quot;n&quot;&gt;product&lt;/span&gt; &lt;span class=&quot;p&quot;&gt;=&lt;/span&gt; &lt;span class=&quot;nc&quot;&gt;ProductId&lt;/span&gt; &lt;span class=&quot;n&quot;&gt;order&lt;/span&gt;&lt;span class=&quot;p&quot;&gt;.&lt;/span&gt;&lt;span class=&quot;nc&quot;&gt;ProductId&lt;/span&gt;
            &lt;span class=&quot;k&quot;&gt;let&lt;/span&gt; &lt;span class=&quot;n&quot;&gt;quantity&lt;/span&gt; &lt;span class=&quot;p&quot;&gt;=&lt;/span&gt; &lt;span class=&quot;nc&quot;&gt;Pcs&lt;/span&gt; &lt;span class=&quot;n&quot;&gt;order&lt;/span&gt;&lt;span class=&quot;p&quot;&gt;.&lt;/span&gt;&lt;span class=&quot;nc&quot;&gt;Quantity&lt;/span&gt;
            
            &lt;span class=&quot;c1&quot;&gt;// TODO: Comment&lt;/span&gt;
            &lt;span class=&quot;k&quot;&gt;let&lt;/span&gt; &lt;span class=&quot;n&quot;&gt;orderConfirmation&lt;/span&gt; &lt;span class=&quot;p&quot;&gt;=&lt;/span&gt; &lt;span class=&quot;n&quot;&gt;placeOrder&lt;/span&gt; &lt;span class=&quot;n&quot;&gt;product&lt;/span&gt; &lt;span class=&quot;n&quot;&gt;quantity&lt;/span&gt;
                        
            &lt;span class=&quot;c1&quot;&gt;// Send back order confirmation with order number&lt;/span&gt;
            &lt;span class=&quot;k&quot;&gt;return&lt;/span&gt;&lt;span class=&quot;o&quot;&gt;!&lt;/span&gt; &lt;span class=&quot;n&quot;&gt;json&lt;/span&gt; &lt;span class=&quot;n&quot;&gt;orderConfirmation&lt;/span&gt; &lt;span class=&quot;n&quot;&gt;next&lt;/span&gt; &lt;span class=&quot;n&quot;&gt;ctx&lt;/span&gt;
        &lt;span class=&quot;p&quot;&gt;}&lt;/span&gt;
&lt;/code&gt;&lt;/pre&gt;&lt;/div&gt;&lt;/div&gt;

&lt;p&gt;Aliquam ultrices sagittis orci a scelerisque purus semper eget duis. Nulla facilisi morbi tempus iaculis urna id volutpat lacus.&lt;/p&gt;

&lt;p&gt;Adipiscing diam donec adipiscing tristique. Tincidunt praesent semper feugiat nibh sed. Lorem mollis aliquam ut porttitor.&lt;/p&gt;

&lt;p&gt;In hac habitasse platea dictumst. Venenatis tellus in metus vulputate eu scelerisque felis imperdiet.&lt;/p&gt;

&lt;h1 id=&quot;conclusion&quot;&gt;Conclusion&lt;/h1&gt;

&lt;p&gt;Tempus egestas sed sed risus pretium quam vulputate dignissim. Pulvinar etiam non quam lacus suspendisse.&lt;/p&gt;

&lt;p&gt;At consectetur lorem donec massa sapien faucibus et molestie. Ultrices sagittis orci a scelerisque purus. Elementum pulvinar etiam non quam. Cursus in hac habitasse platea dictumst quisque sagittis.&lt;/p&gt;

&lt;h1 id=&quot;more-information&quot;&gt;More information&lt;/h1&gt;

&lt;p&gt;Massa ultricies mi quis hendrerit dolor magna. Est ullamcorper eget nulla facilisi etiam:&lt;/p&gt;

&lt;ul&gt;
  &lt;li&gt;&lt;a href=&quot;https://kostr.se/c9db5&quot;&gt;Et molestie ac feugiat sed lectus.&lt;/a&gt;&lt;/li&gt;
  &lt;li&gt;&lt;a href=&quot;https://kostr.se/e8042&quot;&gt;Felis eget nunc lobortis mattis aliquam faucibus purus in.&lt;/a&gt;&lt;/li&gt;
  &lt;li&gt;&lt;a href=&quot;https://kostr.se/c9db5&quot;&gt;Praesent semper feugiat nibh sed pulvinar proin gravida.&lt;/a&gt;&lt;/li&gt;
  &lt;li&gt;&lt;a href=&quot;https://kostr.se/e8042&quot;&gt;Laoreet suspendisse interdum consectetur libero id faucibus nisl tincidunt eget.&lt;/a&gt;&lt;/li&gt;
&lt;/ul&gt;</content><author><name>Sergey Kostrukov</name></author><summary type="html">Lorem ipsum dolor sit amet, consectetur adipiscing elit, sed do eiusmod tempor incididunt ut labore et dolore magna aliqua. Libero nunc consequat interdum varius sit amet.</summary></entry><entry><title type="html">Man must explore, and this is exploration at its greatest</title><link href="http://localhost:4000/2017/man-must-explore" rel="alternate" type="text/html" title="Man must explore, and this is exploration at its greatest" /><published>2017-10-31T07:45:13-07:00</published><updated>2017-10-31T07:45:13-07:00</updated><id>http://localhost:4000/2017/man-must-explore</id><content type="html" xml:base="http://localhost:4000/2017/man-must-explore">&lt;p&gt;Never in all their history have men been able truly to conceive of the
world as one: a single sphere, a globe, having the qualities of a globe,
a round earth in which all the directions eventually meet, in which
there is no center because every point, or none, is center — an equal
earth which all men occupy as equals. The airman’s earth, if free men
make it, will be truly round: a globe in practice, not in theory.&lt;/p&gt;

&lt;p&gt;Science cuts two ways, of course; its products can be used for both good
and evil. But there’s no turning back from science. The early warnings
about technological dangers also come from science.&lt;/p&gt;

&lt;p&gt;What was most significant about the lunar voyage was not that man set
foot on the Moon but that they set eye on the earth.&lt;/p&gt;

&lt;p&gt;A Chinese tale tells of some men sent to harm a young girl who, upon
seeing her beauty, become her protectors rather than her violators.
That’s how I felt seeing the Earth for the first time. I could not help
but love and cherish her.&lt;/p&gt;

&lt;p&gt;For those who have seen the Earth from space, and for the hundreds and
perhaps thousands more who will, the experience most certainly changes
your perspective. The things that we share in our world are far more
valuable than those which divide us.&lt;/p&gt;

&lt;h2 id=&quot;the-final-frontier&quot;&gt;The Final Frontier&lt;/h2&gt;

&lt;h2 class=&quot;section-heading&quot;&gt;The Final Frontier&lt;/h2&gt;

&lt;p&gt;There can be no thought of finishing for ‘aiming for the stars.’ Both
figuratively and literally, it is a task to occupy the generations. And
no matter how much progress one makes, there is always the thrill of
just beginning.&lt;/p&gt;

&lt;p&gt;There can be no thought of finishing for ‘aiming for the stars.’ Both
figuratively and literally, it is a task to occupy the generations. And
no matter how much progress one makes, there is always the thrill of
just beginning.&lt;/p&gt;

&lt;blockquote&gt;
  &lt;p&gt;The dreams of yesterday are the hopes of today and the reality of
tomorrow. Science has not yet mastered prophecy. We predict too much
for the next year and yet far too little for the next ten.&lt;/p&gt;
&lt;/blockquote&gt;

&lt;blockquote class=&quot;blockquote&quot;&gt;The dreams of yesterday are the hopes of today and the reality of tomorrow. Science has not yet mastered prophecy. We predict too much for the next year and yet far too little for the next ten.&lt;/blockquote&gt;

&lt;p&gt;Spaceflights cannot be stopped. This is not the work of any one man or
even a group of men. It is a historical process which mankind is
carrying out in accordance with the natural laws of human development.&lt;/p&gt;

&lt;h2 id=&quot;reaching-for-the-stars&quot;&gt;Reaching for the Stars&lt;/h2&gt;

&lt;h2 class=&quot;section-heading&quot;&gt;Reaching for the Stars&lt;/h2&gt;

&lt;p&gt;As we got further and further away, it [the Earth] diminished in size.
Finally it shrank to the size of a marble, the most beautiful you can
imagine. That beautiful, warm, living object looked so fragile, so
delicate, that if you touched it with a finger it would crumble and fall
apart. Seeing this has to change a man.&lt;/p&gt;

&lt;p&gt;&lt;img src=&quot;https://source.unsplash.com/Mn9Fa_wQH-M/800x450&quot; alt=&quot;Demo Image&quot; /&gt;&lt;/p&gt;

&lt;p&gt;&lt;img class=&quot;img-fluid&quot; src=&quot;https://source.unsplash.com/Mn9Fa_wQH-M/800x450&quot; alt=&quot;Demo Image&quot; /&gt;&lt;/p&gt;

&lt;p&gt;&lt;span class=&quot;caption text-muted&quot;&gt;To go places and do things that have
never been done before – that’s what living is all about.&lt;/span&gt;&lt;/p&gt;

&lt;p&gt;Space, the final frontier. These are the voyages of the Starship
Enterprise. Its five-year mission: to explore strange new worlds, to
seek out&lt;/p&gt;

&lt;p&gt;Placeholder text by &lt;a href=&quot;http://spaceipsum.com/&quot;&gt;Space Ipsum&lt;/a&gt;. Photographs
by &lt;a href=&quot;https://unsplash.com/&quot;&gt;Unsplash&lt;/a&gt;.&lt;/p&gt;</content><author><name>Sergey Kostrukov</name></author><summary type="html">Never in all their history have men been able truly to conceive of the world as one: a single sphere, a globe, having the qualities of a globe, a round earth in which all the directions eventually meet, in which there is no center because every point, or none, is center — an equal earth which all men occupy as equals. The airman’s earth, if free men make it, will be truly round: a globe in practice, not in theory.</summary></entry><entry><title type="html">I believe every human has a finite number of heartbeats. I don’t intend to waste any of mine.</title><link href="http://localhost:4000/2017/heartbeats" rel="alternate" type="text/html" title="I believe every human has a finite number of heartbeats. I don't intend to waste any of mine." /><published>2017-10-30T20:45:13-07:00</published><updated>2017-10-30T20:45:13-07:00</updated><id>http://localhost:4000/2017/heartbeats</id><content type="html" xml:base="http://localhost:4000/2017/heartbeats">&lt;p&gt;Never in all their history have men been able truly to conceive of the
world as one: a single sphere, a globe, having the qualities of a globe,
a round earth in which all the directions eventually meet, in which
there is no center because every point, or none, is center — an equal
earth which all men occupy as equals. The airman’s earth, if free men
make it, will be truly round: a globe in practice, not in theory.&lt;/p&gt;

&lt;p&gt;Science cuts two ways, of course; its products can be used for both good
and evil. But there’s no turning back from science. The early warnings
about technological dangers also come from science.&lt;/p&gt;

&lt;p&gt;What was most significant about the lunar voyage was not that man set
foot on the Moon but that they set eye on the earth.&lt;/p&gt;

&lt;p&gt;A Chinese tale tells of some men sent to harm a young girl who, upon
seeing her beauty, become her protectors rather than her violators.
That’s how I felt seeing the Earth for the first time. I could not help
but love and cherish her.&lt;/p&gt;

&lt;p&gt;For those who have seen the Earth from space, and for the hundreds and
perhaps thousands more who will, the experience most certainly changes
your perspective. The things that we share in our world are far more
valuable than those which divide us.&lt;/p&gt;

&lt;h2 id=&quot;the-final-frontier&quot;&gt;The Final Frontier&lt;/h2&gt;

&lt;h2 class=&quot;section-heading&quot;&gt;The Final Frontier&lt;/h2&gt;

&lt;p&gt;There can be no thought of finishing for ‘aiming for the stars.’ Both
figuratively and literally, it is a task to occupy the generations. And
no matter how much progress one makes, there is always the thrill of
just beginning.&lt;/p&gt;

&lt;p&gt;There can be no thought of finishing for ‘aiming for the stars.’ Both
figuratively and literally, it is a task to occupy the generations. And
no matter how much progress one makes, there is always the thrill of
just beginning.&lt;/p&gt;

&lt;blockquote&gt;
  &lt;p&gt;The dreams of yesterday are the hopes of today and the reality of
tomorrow. Science has not yet mastered prophecy. We predict too much
for the next year and yet far too little for the next ten.&lt;/p&gt;
&lt;/blockquote&gt;

&lt;blockquote class=&quot;blockquote&quot;&gt;The dreams of yesterday are the hopes of today and the reality of tomorrow. Science has not yet mastered prophecy. We predict too much for the next year and yet far too little for the next ten.&lt;/blockquote&gt;

&lt;p&gt;Spaceflights cannot be stopped. This is not the work of any one man or
even a group of men. It is a historical process which mankind is
carrying out in accordance with the natural laws of human development.&lt;/p&gt;

&lt;h2 id=&quot;reaching-for-the-stars&quot;&gt;Reaching for the Stars&lt;/h2&gt;

&lt;h2 class=&quot;section-heading&quot;&gt;Reaching for the Stars&lt;/h2&gt;

&lt;p&gt;As we got further and further away, it [the Earth] diminished in size.
Finally it shrank to the size of a marble, the most beautiful you can
imagine. That beautiful, warm, living object looked so fragile, so
delicate, that if you touched it with a finger it would crumble and fall
apart. Seeing this has to change a man.&lt;/p&gt;

&lt;p&gt;&lt;img src=&quot;https://source.unsplash.com/Mn9Fa_wQH-M/800x450&quot; alt=&quot;Demo Image&quot; /&gt;&lt;/p&gt;

&lt;p&gt;&lt;img class=&quot;img-fluid&quot; src=&quot;https://source.unsplash.com/Mn9Fa_wQH-M/800x450&quot; alt=&quot;Demo Image&quot; /&gt;&lt;/p&gt;

&lt;p&gt;&lt;span class=&quot;caption text-muted&quot;&gt;To go places and do things that have
never been done before – that’s what living is all about.&lt;/span&gt;&lt;/p&gt;

&lt;p&gt;Space, the final frontier. These are the voyages of the Starship
Enterprise. Its five-year mission: to explore strange new worlds, to
seek out&lt;/p&gt;

&lt;p&gt;Placeholder text by &lt;a href=&quot;http://spaceipsum.com/&quot;&gt;Space Ipsum&lt;/a&gt;. Photographs
by &lt;a href=&quot;https://unsplash.com/&quot;&gt;Unsplash&lt;/a&gt;.&lt;/p&gt;</content><author><name>Sergey Kostrukov</name></author><summary type="html">Never in all their history have men been able truly to conceive of the world as one: a single sphere, a globe, having the qualities of a globe, a round earth in which all the directions eventually meet, in which there is no center because every point, or none, is center — an equal earth which all men occupy as equals. The airman’s earth, if free men make it, will be truly round: a globe in practice, not in theory.</summary></entry><entry><title type="html">Science has not yet mastered prophecy</title><link href="http://localhost:4000/2017/prophecy" rel="alternate" type="text/html" title="Science has not yet mastered prophecy" /><published>2017-10-29T20:45:13-07:00</published><updated>2017-10-29T20:45:13-07:00</updated><id>http://localhost:4000/2017/prophecy</id><content type="html" xml:base="http://localhost:4000/2017/prophecy">&lt;p&gt;Never in all their history have men been able truly to conceive of the
world as one: a single sphere, a globe, having the qualities of a globe,
a round earth in which all the directions eventually meet, in which
there is no center because every point, or none, is center — an equal
earth which all men occupy as equals. The airman’s earth, if free men
make it, will be truly round: a globe in practice, not in theory.&lt;/p&gt;

&lt;p&gt;Science cuts two ways, of course; its products can be used for both good
and evil. But there’s no turning back from science. The early warnings
about technological dangers also come from science.&lt;/p&gt;

&lt;p&gt;What was most significant about the lunar voyage was not that man set
foot on the Moon but that they set eye on the earth.&lt;/p&gt;

&lt;p&gt;A Chinese tale tells of some men sent to harm a young girl who, upon
seeing her beauty, become her protectors rather than her violators.
That’s how I felt seeing the Earth for the first time. I could not help
but love and cherish her.&lt;/p&gt;

&lt;p&gt;For those who have seen the Earth from space, and for the hundreds and
perhaps thousands more who will, the experience most certainly changes
your perspective. The things that we share in our world are far more
valuable than those which divide us.&lt;/p&gt;

&lt;h2 id=&quot;the-final-frontier&quot;&gt;The Final Frontier&lt;/h2&gt;

&lt;h2 class=&quot;section-heading&quot;&gt;The Final Frontier&lt;/h2&gt;

&lt;p&gt;There can be no thought of finishing for ‘aiming for the stars.’ Both
figuratively and literally, it is a task to occupy the generations. And
no matter how much progress one makes, there is always the thrill of
just beginning.&lt;/p&gt;

&lt;p&gt;There can be no thought of finishing for ‘aiming for the stars.’ Both
figuratively and literally, it is a task to occupy the generations. And
no matter how much progress one makes, there is always the thrill of
just beginning.&lt;/p&gt;

&lt;blockquote&gt;
  &lt;p&gt;The dreams of yesterday are the hopes of today and the reality of
tomorrow. Science has not yet mastered prophecy. We predict too much
for the next year and yet far too little for the next ten.&lt;/p&gt;
&lt;/blockquote&gt;

&lt;blockquote class=&quot;blockquote&quot;&gt;The dreams of yesterday are the hopes of today and the reality of tomorrow. Science has not yet mastered prophecy. We predict too much for the next year and yet far too little for the next ten.&lt;/blockquote&gt;

&lt;p&gt;Spaceflights cannot be stopped. This is not the work of any one man or
even a group of men. It is a historical process which mankind is
carrying out in accordance with the natural laws of human development.&lt;/p&gt;

&lt;h2 id=&quot;reaching-for-the-stars&quot;&gt;Reaching for the Stars&lt;/h2&gt;

&lt;h2 class=&quot;section-heading&quot;&gt;Reaching for the Stars&lt;/h2&gt;

&lt;p&gt;As we got further and further away, it [the Earth] diminished in size.
Finally it shrank to the size of a marble, the most beautiful you can
imagine. That beautiful, warm, living object looked so fragile, so
delicate, that if you touched it with a finger it would crumble and fall
apart. Seeing this has to change a man.&lt;/p&gt;

&lt;p&gt;&lt;img src=&quot;https://source.unsplash.com/Mn9Fa_wQH-M/800x450&quot; alt=&quot;Demo Image&quot; /&gt;&lt;/p&gt;

&lt;p&gt;&lt;img class=&quot;img-fluid&quot; src=&quot;https://source.unsplash.com/Mn9Fa_wQH-M/800x450&quot; alt=&quot;Demo Image&quot; /&gt;&lt;/p&gt;

&lt;p&gt;&lt;span class=&quot;caption text-muted&quot;&gt;To go places and do things that have
never been done before – that’s what living is all about.&lt;/span&gt;&lt;/p&gt;

&lt;p&gt;Space, the final frontier. These are the voyages of the Starship
Enterprise. Its five-year mission: to explore strange new worlds, to
seek out&lt;/p&gt;

&lt;p&gt;Placeholder text by &lt;a href=&quot;http://spaceipsum.com/&quot;&gt;Space Ipsum&lt;/a&gt;. Photographs
by &lt;a href=&quot;https://unsplash.com/&quot;&gt;Unsplash&lt;/a&gt;.&lt;/p&gt;</content><author><name>Sergey Kostrukov</name></author><summary type="html">Never in all their history have men been able truly to conceive of the world as one: a single sphere, a globe, having the qualities of a globe, a round earth in which all the directions eventually meet, in which there is no center because every point, or none, is center — an equal earth which all men occupy as equals. The airman’s earth, if free men make it, will be truly round: a globe in practice, not in theory.</summary></entry><entry><title type="html">Failure is not an option</title><link href="http://localhost:4000/2017/exploration" rel="alternate" type="text/html" title="Failure is not an option" /><published>2017-10-28T20:45:13-07:00</published><updated>2017-10-28T20:45:13-07:00</updated><id>http://localhost:4000/2017/exploration</id><content type="html" xml:base="http://localhost:4000/2017/exploration">&lt;p&gt;Never in all their history have men been able truly to conceive of the
world as one: a single sphere, a globe, having the qualities of a globe,
a round earth in which all the directions eventually meet, in which
there is no center because every point, or none, is center — an equal
earth which all men occupy as equals. The airman’s earth, if free men
make it, will be truly round: a globe in practice, not in theory.&lt;/p&gt;

&lt;p&gt;Science cuts two ways, of course; its products can be used for both good
and evil. But there’s no turning back from science. The early warnings
about technological dangers also come from science.&lt;/p&gt;

&lt;p&gt;What was most significant about the lunar voyage was not that man set
foot on the Moon but that they set eye on the earth.&lt;/p&gt;

&lt;p&gt;A Chinese tale tells of some men sent to harm a young girl who, upon
seeing her beauty, become her protectors rather than her violators.
That’s how I felt seeing the Earth for the first time. I could not help
but love and cherish her.&lt;/p&gt;

&lt;p&gt;For those who have seen the Earth from space, and for the hundreds and
perhaps thousands more who will, the experience most certainly changes
your perspective. The things that we share in our world are far more
valuable than those which divide us.&lt;/p&gt;

&lt;h2 id=&quot;the-final-frontier&quot;&gt;The Final Frontier&lt;/h2&gt;

&lt;h2 class=&quot;section-heading&quot;&gt;The Final Frontier&lt;/h2&gt;

&lt;p&gt;There can be no thought of finishing for ‘aiming for the stars.’ Both
figuratively and literally, it is a task to occupy the generations. And
no matter how much progress one makes, there is always the thrill of
just beginning.&lt;/p&gt;

&lt;p&gt;There can be no thought of finishing for ‘aiming for the stars.’ Both
figuratively and literally, it is a task to occupy the generations. And
no matter how much progress one makes, there is always the thrill of
just beginning.&lt;/p&gt;

&lt;blockquote&gt;
  &lt;p&gt;The dreams of yesterday are the hopes of today and the reality of
tomorrow. Science has not yet mastered prophecy. We predict too much
for the next year and yet far too little for the next ten.&lt;/p&gt;
&lt;/blockquote&gt;

&lt;blockquote class=&quot;blockquote&quot;&gt;The dreams of yesterday are the hopes of today and the reality of tomorrow. Science has not yet mastered prophecy. We predict too much for the next year and yet far too little for the next ten.&lt;/blockquote&gt;

&lt;p&gt;Spaceflights cannot be stopped. This is not the work of any one man or
even a group of men. It is a historical process which mankind is
carrying out in accordance with the natural laws of human development.&lt;/p&gt;

&lt;h2 id=&quot;reaching-for-the-stars&quot;&gt;Reaching for the Stars&lt;/h2&gt;

&lt;h2 class=&quot;section-heading&quot;&gt;Reaching for the Stars&lt;/h2&gt;

&lt;p&gt;As we got further and further away, it [the Earth] diminished in size.
Finally it shrank to the size of a marble, the most beautiful you can
imagine. That beautiful, warm, living object looked so fragile, so
delicate, that if you touched it with a finger it would crumble and fall
apart. Seeing this has to change a man.&lt;/p&gt;

&lt;p&gt;&lt;img src=&quot;https://source.unsplash.com/Mn9Fa_wQH-M/800x450&quot; alt=&quot;Demo Image&quot; /&gt;&lt;/p&gt;

&lt;p&gt;&lt;img class=&quot;img-fluid&quot; src=&quot;https://source.unsplash.com/Mn9Fa_wQH-M/800x450&quot; alt=&quot;Demo Image&quot; /&gt;&lt;/p&gt;

&lt;p&gt;&lt;span class=&quot;caption text-muted&quot;&gt;To go places and do things that have
never been done before – that’s what living is all about.&lt;/span&gt;&lt;/p&gt;

&lt;p&gt;Space, the final frontier. These are the voyages of the Starship
Enterprise. Its five-year mission: to explore strange new worlds, to
seek out&lt;/p&gt;

&lt;p&gt;Placeholder text by &lt;a href=&quot;http://spaceipsum.com/&quot;&gt;Space Ipsum&lt;/a&gt;. Photographs
by &lt;a href=&quot;https://unsplash.com/&quot;&gt;Unsplash&lt;/a&gt;.&lt;/p&gt;</content><author><name>Sergey Kostrukov</name></author><summary type="html">Never in all their history have men been able truly to conceive of the world as one: a single sphere, a globe, having the qualities of a globe, a round earth in which all the directions eventually meet, in which there is no center because every point, or none, is center — an equal earth which all men occupy as equals. The airman’s earth, if free men make it, will be truly round: a globe in practice, not in theory.</summary></entry><entry><title type="html">The dreams of yesterday are the hopes of today and the reality of tomorrow.</title><link href="http://localhost:4000/2017/dreams" rel="alternate" type="text/html" title="The dreams of yesterday are the hopes of today and the reality of tomorrow." /><published>2017-10-27T20:45:13-07:00</published><updated>2017-10-27T20:45:13-07:00</updated><id>http://localhost:4000/2017/dreams</id><content type="html" xml:base="http://localhost:4000/2017/dreams">&lt;p&gt;Never in all their history have men been able truly to conceive of the
world as one: a single sphere, a globe, having the qualities of a globe,
a round earth in which all the directions eventually meet, in which
there is no center because every point, or none, is center — an equal
earth which all men occupy as equals. The airman’s earth, if free men
make it, will be truly round: a globe in practice, not in theory.&lt;/p&gt;

&lt;p&gt;Science cuts two ways, of course; its products can be used for both good
and evil. But there’s no turning back from science. The early warnings
about technological dangers also come from science.&lt;/p&gt;

&lt;p&gt;What was most significant about the lunar voyage was not that man set
foot on the Moon but that they set eye on the earth.&lt;/p&gt;

&lt;p&gt;A Chinese tale tells of some men sent to harm a young girl who, upon
seeing her beauty, become her protectors rather than her violators.
That’s how I felt seeing the Earth for the first time. I could not help
but love and cherish her.&lt;/p&gt;

&lt;p&gt;For those who have seen the Earth from space, and for the hundreds and
perhaps thousands more who will, the experience most certainly changes
your perspective. The things that we share in our world are far more
valuable than those which divide us.&lt;/p&gt;

&lt;h2 id=&quot;the-final-frontier&quot;&gt;The Final Frontier&lt;/h2&gt;

&lt;h2 class=&quot;section-heading&quot;&gt;The Final Frontier&lt;/h2&gt;

&lt;p&gt;There can be no thought of finishing for ‘aiming for the stars.’ Both
figuratively and literally, it is a task to occupy the generations. And
no matter how much progress one makes, there is always the thrill of
just beginning.&lt;/p&gt;

&lt;p&gt;There can be no thought of finishing for ‘aiming for the stars.’ Both
figuratively and literally, it is a task to occupy the generations. And
no matter how much progress one makes, there is always the thrill of
just beginning.&lt;/p&gt;

&lt;blockquote&gt;
  &lt;p&gt;The dreams of yesterday are the hopes of today and the reality of
tomorrow. Science has not yet mastered prophecy. We predict too much
for the next year and yet far too little for the next ten.&lt;/p&gt;
&lt;/blockquote&gt;

&lt;blockquote class=&quot;blockquote&quot;&gt;The dreams of yesterday are the hopes of today and the reality of tomorrow. Science has not yet mastered prophecy. We predict too much for the next year and yet far too little for the next ten.&lt;/blockquote&gt;

&lt;p&gt;Spaceflights cannot be stopped. This is not the work of any one man or
even a group of men. It is a historical process which mankind is
carrying out in accordance with the natural laws of human development.&lt;/p&gt;

&lt;h2 id=&quot;reaching-for-the-stars&quot;&gt;Reaching for the Stars&lt;/h2&gt;

&lt;h2 class=&quot;section-heading&quot;&gt;Reaching for the Stars&lt;/h2&gt;

&lt;p&gt;As we got further and further away, it [the Earth] diminished in size.
Finally it shrank to the size of a marble, the most beautiful you can
imagine. That beautiful, warm, living object looked so fragile, so
delicate, that if you touched it with a finger it would crumble and fall
apart. Seeing this has to change a man.&lt;/p&gt;

&lt;p&gt;&lt;img src=&quot;https://source.unsplash.com/Mn9Fa_wQH-M/800x450&quot; alt=&quot;Demo Image&quot; /&gt;&lt;/p&gt;

&lt;p&gt;&lt;img class=&quot;img-fluid&quot; src=&quot;https://source.unsplash.com/Mn9Fa_wQH-M/800x450&quot; alt=&quot;Demo Image&quot; /&gt;&lt;/p&gt;

&lt;p&gt;&lt;span class=&quot;caption text-muted&quot;&gt;To go places and do things that have
never been done before – that’s what living is all about.&lt;/span&gt;&lt;/p&gt;

&lt;p&gt;Space, the final frontier. These are the voyages of the Starship
Enterprise. Its five-year mission: to explore strange new worlds, to
seek out&lt;/p&gt;

&lt;p&gt;Placeholder text by &lt;a href=&quot;http://spaceipsum.com/&quot;&gt;Space Ipsum&lt;/a&gt;. Photographs
by &lt;a href=&quot;https://unsplash.com/&quot;&gt;Unsplash&lt;/a&gt;.&lt;/p&gt;</content><author><name>Sergey Kostrukov</name></author><summary type="html">Never in all their history have men been able truly to conceive of the world as one: a single sphere, a globe, having the qualities of a globe, a round earth in which all the directions eventually meet, in which there is no center because every point, or none, is center — an equal earth which all men occupy as equals. The airman’s earth, if free men make it, will be truly round: a globe in practice, not in theory.</summary></entry><entry><title type="html">Dinosaurs are extinct today</title><link href="http://localhost:4000/2017/dinosaurs" rel="alternate" type="text/html" title="Dinosaurs are extinct today" /><published>2017-10-26T20:45:13-07:00</published><updated>2017-10-26T20:45:13-07:00</updated><id>http://localhost:4000/2017/dinosaurs</id><content type="html" xml:base="http://localhost:4000/2017/dinosaurs">&lt;p&gt;Never in all their history have men been able truly to conceive of the
world as one: a single sphere, a globe, having the qualities of a globe,
a round earth in which all the directions eventually meet, in which
there is no center because every point, or none, is center — an equal
earth which all men occupy as equals. The airman’s earth, if free men
make it, will be truly round: a globe in practice, not in theory.&lt;/p&gt;

&lt;p&gt;Science cuts two ways, of course; its products can be used for both good
and evil. But there’s no turning back from science. The early warnings
about technological dangers also come from science.&lt;/p&gt;

&lt;p&gt;What was most significant about the lunar voyage was not that man set
foot on the Moon but that they set eye on the earth.&lt;/p&gt;

&lt;p&gt;A Chinese tale tells of some men sent to harm a young girl who, upon
seeing her beauty, become her protectors rather than her violators.
That’s how I felt seeing the Earth for the first time. I could not help
but love and cherish her.&lt;/p&gt;

&lt;p&gt;For those who have seen the Earth from space, and for the hundreds and
perhaps thousands more who will, the experience most certainly changes
your perspective. The things that we share in our world are far more
valuable than those which divide us.&lt;/p&gt;

&lt;h2 id=&quot;the-final-frontier&quot;&gt;The Final Frontier&lt;/h2&gt;

&lt;h2 class=&quot;section-heading&quot;&gt;The Final Frontier&lt;/h2&gt;

&lt;p&gt;There can be no thought of finishing for ‘aiming for the stars.’ Both
figuratively and literally, it is a task to occupy the generations. And
no matter how much progress one makes, there is always the thrill of
just beginning.&lt;/p&gt;

&lt;p&gt;There can be no thought of finishing for ‘aiming for the stars.’ Both
figuratively and literally, it is a task to occupy the generations. And
no matter how much progress one makes, there is always the thrill of
just beginning.&lt;/p&gt;

&lt;blockquote&gt;
  &lt;p&gt;The dreams of yesterday are the hopes of today and the reality of
tomorrow. Science has not yet mastered prophecy. We predict too much
for the next year and yet far too little for the next ten.&lt;/p&gt;
&lt;/blockquote&gt;

&lt;blockquote class=&quot;blockquote&quot;&gt;The dreams of yesterday are the hopes of today and the reality of tomorrow. Science has not yet mastered prophecy. We predict too much for the next year and yet far too little for the next ten.&lt;/blockquote&gt;

&lt;p&gt;Spaceflights cannot be stopped. This is not the work of any one man or
even a group of men. It is a historical process which mankind is
carrying out in accordance with the natural laws of human development.&lt;/p&gt;

&lt;h2 id=&quot;reaching-for-the-stars&quot;&gt;Reaching for the Stars&lt;/h2&gt;

&lt;h2 class=&quot;section-heading&quot;&gt;Reaching for the Stars&lt;/h2&gt;

&lt;p&gt;As we got further and further away, it [the Earth] diminished in size.
Finally it shrank to the size of a marble, the most beautiful you can
imagine. That beautiful, warm, living object looked so fragile, so
delicate, that if you touched it with a finger it would crumble and fall
apart. Seeing this has to change a man.&lt;/p&gt;

&lt;p&gt;&lt;img src=&quot;https://source.unsplash.com/Mn9Fa_wQH-M/800x450&quot; alt=&quot;Demo Image&quot; /&gt;&lt;/p&gt;

&lt;p&gt;&lt;img class=&quot;img-fluid&quot; src=&quot;https://source.unsplash.com/Mn9Fa_wQH-M/800x450&quot; alt=&quot;Demo Image&quot; /&gt;&lt;/p&gt;

&lt;p&gt;&lt;span class=&quot;caption text-muted&quot;&gt;To go places and do things that have
never been done before – that’s what living is all about.&lt;/span&gt;&lt;/p&gt;

&lt;p&gt;Space, the final frontier. These are the voyages of the Starship
Enterprise. Its five-year mission: to explore strange new worlds, to
seek out&lt;/p&gt;

&lt;p&gt;Placeholder text by &lt;a href=&quot;http://spaceipsum.com/&quot;&gt;Space Ipsum&lt;/a&gt;. Photographs
by &lt;a href=&quot;https://unsplash.com/&quot;&gt;Unsplash&lt;/a&gt;.&lt;/p&gt;</content><author><name>Sergey Kostrukov</name></author><summary type="html">Never in all their history have men been able truly to conceive of the world as one: a single sphere, a globe, having the qualities of a globe, a round earth in which all the directions eventually meet, in which there is no center because every point, or none, is center — an equal earth which all men occupy as equals. The airman’s earth, if free men make it, will be truly round: a globe in practice, not in theory.</summary></entry></feed>