<?xml version="1.0" encoding="ISO-8859-1"?>
<MP 
	xmlns:ns="http://www.corbitmed.de"
    xsi:schemaLocation="http://www.corbitmed.de ukf201.xsd"
	xmlns:xsi="http://www.w3.org/2001/XMLSchema-instance" 
	xmlns:xsd="http://www.w3.org/2001/XMLSchema" U="36CE0927D9CD407FA9A851FDC121511C" v="021">
	<P g="alle" f="Implementierer" b="2016-03-11"/>
	<A lanr="1656304456" n="bvitg + ADAS + HL7" s="An der Schanz 1" z="50735" c="K�ln (+Berlin)" t="2016-03-11" p="0700-7777 6767" e="info@hl7.de"/>
	<O/>
	<S t="Inhaltsverzeichnis">
		<X>Seite 1: Dies ist nur das Deckblatt</X>
		<X>Seite 2-3: 2seitiger Testplan</X>
		<X>Seite 4: leere Medikation</X>
		<X>Seite 5-130: orginale Beispiele</X>
		<X>Seite 131-249: neue Beispiele</X>
	</S>
</MP>
