<?xml version="1.0" encoding="UTF-8"?>

<MP U="8576C1A02F9340A1BA73704ABEF8B70F" v="021" a="1" z="2"
    xmlns:xsi="http://www.w3.org/2001/XMLSchema-instance" 
    xmlns:fhir="http://hl7.org/fhir" 
    xmlns:xs="http://www.w3.org/2001/XMLSchema" 
    xmlns:chmed16af="http://chemed16af.emediplan.ch" 
    xmlns:xhtml="http://www.w3.org/1999/xhtml" xsi:noNamespaceSchemaLocation="chmed16aq.xsd">


<!-- <MP U="8576C1A02F9340A1BA73704ABEF8B70F" v="021" a="1" z="2"
	xmlns:xsi="http://www.w3.org/2001/XMLSchema-instance"
    xsi:noNamespaceSchemaLocation="ukf201.xsd"	
	> 
-->
	
    <P g="Erika-Annemarie" f="Demon-Lier" egk="N994842106" b="1984-10-19"/>
    <A n="Apotheke Winfried Wagenmüller" s="Hauptstraße 55"
       z="12348" c="Berlin - Treptow" p="030-12345678"
       e="Wagenmueller.apotheke@medizin-netz.de" t="2015-12-15"/>
    <O w="125" a="Katzenhaare" b="1"/>
    <S>
        <M p="55509" m="1" d="1" v="1" h=" " du="5"
           i="kompletter Sprühstoß" r="Heuschnupfen"/>
        <M p="2340148" m="1/2" d="0,25" v="1/4" h=" " du="1"
           i="in 1 Glas Wasser lösen" r="Osteoporose"/>
        <M p="7381821" m="1" du="1" i="nach der Mahlzeit" r="erhöhte Blutfette"/>
        <M f="SUS" t="alle 8 Stunden 1" du="&lt;"
           i="max. 3 Tage (1 Messlöffel=5ml)" r="Harnwegsinfekt">
            <W w="Trimethoprim/Sulfamethoxazol" s="80"/>
        </M>
        <M f="TAB" m="1/2" d="0,5" v="0,5" h=" " du="1"
           i="bitte an die Zeiten halten" r="Blutdruck">
            <W w="Amlodipin (Besilat)" s="10mg"/>
            <W w="Hydrochlorothiazid" s="25mg"/>
            <W w="Olmesartan Medoxomil" s="40mg"/>
        </M>
        <M f="PUL" du="8" i="Dosierung war nicht bekannt" r="Magen-Darm Beschwerden">
            <W w="Ein-neuer Wirkstoff" s="10mg"/>
        </M>
        <M a="Omcilon-A Orabase" fd="Mundcre" m="1" d="1" v="1" h="1" du="F"
           i="in Brasilien erworben" r="Mundbläschen">
            <W w="Acetonido de Triancinolona" s="1mg/g"/>
        </M>
        <X>Hautsalbe (Polidocanol-600-Zinkoxidschüttelmixtur 5% 2x täglich auf
           Handflächen (mo. &amp; ab. Nach Händewaschen) schuppiges Exanthem</X>
    </S>
    <S c="418">
        <M f="TAB" t="1-0-1-0-1-0" du="1" i="bei Bedarf">
            <W w="Diphenhydramin-HCl" s="50mg"/>
        </M>
    </S>
    <S t="Sehr wichtige Angaben">
        <X>Bitte messen Sie Ihren Blutdruck täglich! Nächster Impftermin: 24.02.2016.
           Bei Rissen in der Hornhaut bitte Desinfektion auftragen.</X>
    </S>
</MP>
