[  
   {  
      "platform":"platform1",
      "browser":"browser1",
      "cssgrade":"cssgrade1",
      "engineversion":"engine version1",
      "renderingengine":"rendering engine1"
   },
   {  
      "platform":"platform2",
      "browser":"browser2",
      "cssgrade":"cssgrade2",
      "engineversion":"engine version2",
      "renderingengine":"rendering engine2"
   },
   {  
      "platform":"platform3",
      "browser":"browser3",
      "cssgrade":"cssgrade3",
      "engineversion":"engine version3",
      "renderingengine":"rendering engine3"
   },
   {  
      "platform":"platform4",
      "browser":"browser4",
      "cssgrade":"cssgrade4",
      "engineversion":"engine version4",
      "renderingengine":"rendering engine4"
   },
   {  
      "platform":"platform5",
      "browser":"browser5",
      "cssgrade":"cssgrade5",
      "engineversion":"engine version5",
      "renderingengine":"rendering engine5"
   },
   {  
      "platform":"platform6",
      "browser":"browser6",
      "cssgrade":"cssgrade6",
      "engineversion":"engine version6",
      "renderingengine":"rendering engine6"
   },
   {  
      "platform":"platform7",
      "browser":"browser7",
      "cssgrade":"cssgrade7",
      "engineversion":"engine version7",
      "renderingengine":"rendering engine7"
   },
   {  
      "platform":"platform8",
      "browser":"browser8",
      "cssgrade":"cssgrade8",
      "engineversion":"engine version8",
      "renderingengine":"rendering engine8"
   },
   {  
      "platform":"platform9",
      "browser":"browser9",
      "cssgrade":"cssgrade9",
      "engineversion":"engine version9",
      "renderingengine":"rendering engine9"
   },
   {  
      "platform":"platform10",
      "browser":"browser10",
      "cssgrade":"cssgrade10",
      "engineversion":"engine version10",
      "renderingengine":"rendering engine10"
   },
   {  
      "platform":"platform11",
      "browser":"browser11",
      "cssgrade":"cssgrade11",
      "engineversion":"engine version11",
      "renderingengine":"rendering engine11"
   },
   {  
      "platform":"platform12",
      "browser":"browser12",
      "cssgrade":"cssgrade12",
      "engineversion":"engine version12",
      "renderingengine":"rendering engine12"
   },
   {  
      "platform":"platform13",
      "browser":"browser13",
      "cssgrade":"cssgrade13",
      "engineversion":"engine version13",
      "renderingengine":"rendering engine13"
   },
   {  
      "platform":"platform14",
      "browser":"browser14",
      "cssgrade":"cssgrade14",
      "engineversion":"engine version14",
      "renderingengine":"rendering engine14"
   },
   {  
      "platform":"platform15",
      "browser":"browser15",
      "cssgrade":"cssgrade15",
      "engineversion":"engine version15",
      "renderingengine":"rendering engine15"
   },
   {  
      "platform":"platform16",
      "browser":"browser16",
      "cssgrade":"cssgrade16",
      "engineversion":"engine version16",
      "renderingengine":"rendering engine16"
   },
   {  
      "platform":"platform17",
      "browser":"browser17",
      "cssgrade":"cssgrade17",
      "engineversion":"engine version17",
      "renderingengine":"rendering engine17"
   },
   {  
      "platform":"platform18",
      "browser":"browser18",
      "cssgrade":"cssgrade18",
      "engineversion":"engine version18",
      "renderingengine":"rendering engine18"
   },
   {  
      "platform":"platform19",
      "browser":"browser19",
      "cssgrade":"cssgrade19",
      "engineversion":"engine version19",
      "renderingengine":"rendering engine19"
   },
   {  
      "platform":"platform20",
      "browser":"browser20",
      "cssgrade":"cssgrade20",
      "engineversion":"engine version20",
      "renderingengine":"rendering engine20"
   },
   {  
      "platform":"platform21",
      "browser":"browser21",
      "cssgrade":"cssgrade21",
      "engineversion":"engine version21",
      "renderingengine":"rendering engine21"
   },
   {  
      "platform":"platform22",
      "browser":"browser22",
      "cssgrade":"cssgrade22",
      "engineversion":"engine version22",
      "renderingengine":"rendering engine22"
   },
   {  
      "platform":"platform23",
      "browser":"browser23",
      "cssgrade":"cssgrade23",
      "engineversion":"engine version23",
      "renderingengine":"rendering engine23"
   },
   {  
      "platform":"platform24",
      "browser":"browser24",
      "cssgrade":"cssgrade24",
      "engineversion":"engine version24",
      "renderingengine":"rendering engine24"
   },
   {  
      "platform":"platform25",
      "browser":"browser25",
      "cssgrade":"cssgrade25",
      "engineversion":"engine version25",
      "renderingengine":"rendering engine25"
   },
   {  
      "platform":"platform26",
      "browser":"browser26",
      "cssgrade":"cssgrade26",
      "engineversion":"engine version26",
      "renderingengine":"rendering engine26"
   },
   {  
      "platform":"platform27",
      "browser":"browser27",
      "cssgrade":"cssgrade27",
      "engineversion":"engine version27",
      "renderingengine":"rendering engine27"
   },
   {  
      "platform":"platform28",
      "browser":"browser28",
      "cssgrade":"cssgrade28",
      "engineversion":"engine version28",
      "renderingengine":"rendering engine28"
   },
   {  
      "platform":"platform29",
      "browser":"browser29",
      "cssgrade":"cssgrade29",
      "engineversion":"engine version29",
      "renderingengine":"rendering engine29"
   },
   {  
      "platform":"platform30",
      "browser":"browser30",
      "cssgrade":"cssgrade30",
      "engineversion":"engine version30",
      "renderingengine":"rendering engine30"
   },
   {  
      "platform":"platform31",
      "browser":"browser31",
      "cssgrade":"cssgrade31",
      "engineversion":"engine version31",
      "renderingengine":"rendering engine31"
   },
   {  
      "platform":"platform32",
      "browser":"browser32",
      "cssgrade":"cssgrade32",
      "engineversion":"engine version32",
      "renderingengine":"rendering engine32"
   },
   {  
      "platform":"platform33",
      "browser":"browser33",
      "cssgrade":"cssgrade33",
      "engineversion":"engine version33",
      "renderingengine":"rendering engine33"
   },
   {  
      "platform":"platform34",
      "browser":"browser34",
      "cssgrade":"cssgrade34",
      "engineversion":"engine version34",
      "renderingengine":"rendering engine34"
   },
   {  
      "platform":"platform35",
      "browser":"browser35",
      "cssgrade":"cssgrade35",
      "engineversion":"engine version35",
      "renderingengine":"rendering engine35"
   },
   {  
      "platform":"platform36",
      "browser":"browser36",
      "cssgrade":"cssgrade36",
      "engineversion":"engine version36",
      "renderingengine":"rendering engine36"
   },
   {  
      "platform":"platform37",
      "browser":"browser37",
      "cssgrade":"cssgrade37",
      "engineversion":"engine version37",
      "renderingengine":"rendering engine37"
   },
   {  
      "platform":"platform38",
      "browser":"browser38",
      "cssgrade":"cssgrade38",
      "engineversion":"engine version38",
      "renderingengine":"rendering engine38"
   },
   {  
      "platform":"platform39",
      "browser":"browser39",
      "cssgrade":"cssgrade39",
      "engineversion":"engine version39",
      "renderingengine":"rendering engine39"
   },
   {  
      "platform":"platform40",
      "browser":"browser40",
      "cssgrade":"cssgrade40",
      "engineversion":"engine version40",
      "renderingengine":"rendering engine40"
   },
   {  
      "platform":"platform41",
      "browser":"browser41",
      "cssgrade":"cssgrade41",
      "engineversion":"engine version41",
      "renderingengine":"rendering engine41"
   },
   {  
      "platform":"platform42",
      "browser":"browser42",
      "cssgrade":"cssgrade42",
      "engineversion":"engine version42",
      "renderingengine":"rendering engine42"
   },
   {  
      "platform":"platform43",
      "browser":"browser43",
      "cssgrade":"cssgrade43",
      "engineversion":"engine version43",
      "renderingengine":"rendering engine43"
   },
   {  
      "platform":"platform44",
      "browser":"browser44",
      "cssgrade":"cssgrade44",
      "engineversion":"engine version44",
      "renderingengine":"rendering engine44"
   },
   {  
      "platform":"platform45",
      "browser":"browser45",
      "cssgrade":"cssgrade45",
      "engineversion":"engine version45",
      "renderingengine":"rendering engine45"
   },
   {  
      "platform":"platform46",
      "browser":"browser46",
      "cssgrade":"cssgrade46",
      "engineversion":"engine version46",
      "renderingengine":"rendering engine46"
   },
   {  
      "platform":"platform47",
      "browser":"browser47",
      "cssgrade":"cssgrade47",
      "engineversion":"engine version47",
      "renderingengine":"rendering engine47"
   },
   {  
      "platform":"platform48",
      "browser":"browser48",
      "cssgrade":"cssgrade48",
      "engineversion":"engine version48",
      "renderingengine":"rendering engine48"
   },
   {  
      "platform":"platform49",
      "browser":"browser49",
      "cssgrade":"cssgrade49",
      "engineversion":"engine version49",
      "renderingengine":"rendering engine49"
   },
   {  
      "platform":"platform50",
      "browser":"browser50",
      "cssgrade":"cssgrade50",
      "engineversion":"engine version50",
      "renderingengine":"rendering engine50"
   },
   {  
      "platform":"platform51",
      "browser":"browser51",
      "cssgrade":"cssgrade51",
      "engineversion":"engine version51",
      "renderingengine":"rendering engine51"
   },
   {  
      "platform":"platform52",
      "browser":"browser52",
      "cssgrade":"cssgrade52",
      "engineversion":"engine version52",
      "renderingengine":"rendering engine52"
   },
   {  
      "platform":"platform53",
      "browser":"browser53",
      "cssgrade":"cssgrade53",
      "engineversion":"engine version53",
      "renderingengine":"rendering engine53"
   },
   {  
      "platform":"platform54",
      "browser":"browser54",
      "cssgrade":"cssgrade54",
      "engineversion":"engine version54",
      "renderingengine":"rendering engine54"
   },
   {  
      "platform":"platform55",
      "browser":"browser55",
      "cssgrade":"cssgrade55",
      "engineversion":"engine version55",
      "renderingengine":"rendering engine55"
   },
   {  
      "platform":"platform56",
      "browser":"browser56",
      "cssgrade":"cssgrade56",
      "engineversion":"engine version56",
      "renderingengine":"rendering engine56"
   },
   {  
      "platform":"platform57",
      "browser":"browser57",
      "cssgrade":"cssgrade57",
      "engineversion":"engine version57",
      "renderingengine":"rendering engine57"
   },
   {  
      "platform":"platform58",
      "browser":"browser58",
      "cssgrade":"cssgrade58",
      "engineversion":"engine version58",
      "renderingengine":"rendering engine58"
   },
   {  
      "platform":"platform59",
      "browser":"browser59",
      "cssgrade":"cssgrade59",
      "engineversion":"engine version59",
      "renderingengine":"rendering engine59"
   },
   {  
      "platform":"platform60",
      "browser":"browser60",
      "cssgrade":"cssgrade60",
      "engineversion":"engine version60",
      "renderingengine":"rendering engine60"
   },
   {  
      "platform":"platform61",
      "browser":"browser61",
      "cssgrade":"cssgrade61",
      "engineversion":"engine version61",
      "renderingengine":"rendering engine61"
   },
   {  
      "platform":"platform62",
      "browser":"browser62",
      "cssgrade":"cssgrade62",
      "engineversion":"engine version62",
      "renderingengine":"rendering engine62"
   },
   {  
      "platform":"platform63",
      "browser":"browser63",
      "cssgrade":"cssgrade63",
      "engineversion":"engine version63",
      "renderingengine":"rendering engine63"
   },
   {  
      "platform":"platform64",
      "browser":"browser64",
      "cssgrade":"cssgrade64",
      "engineversion":"engine version64",
      "renderingengine":"rendering engine64"
   },
   {  
      "platform":"platform65",
      "browser":"browser65",
      "cssgrade":"cssgrade65",
      "engineversion":"engine version65",
      "renderingengine":"rendering engine65"
   },
   {  
      "platform":"platform66",
      "browser":"browser66",
      "cssgrade":"cssgrade66",
      "engineversion":"engine version66",
      "renderingengine":"rendering engine66"
   },
   {  
      "platform":"platform67",
      "browser":"browser67",
      "cssgrade":"cssgrade67",
      "engineversion":"engine version67",
      "renderingengine":"rendering engine67"
   },
   {  
      "platform":"platform68",
      "browser":"browser68",
      "cssgrade":"cssgrade68",
      "engineversion":"engine version68",
      "renderingengine":"rendering engine68"
   },
   {  
      "platform":"platform69",
      "browser":"browser69",
      "cssgrade":"cssgrade69",
      "engineversion":"engine version69",
      "renderingengine":"rendering engine69"
   },
   {  
      "platform":"platform70",
      "browser":"browser70",
      "cssgrade":"cssgrade70",
      "engineversion":"engine version70",
      "renderingengine":"rendering engine70"
   },
   {  
      "platform":"platform71",
      "browser":"browser71",
      "cssgrade":"cssgrade71",
      "engineversion":"engine version71",
      "renderingengine":"rendering engine71"
   },
   {  
      "platform":"platform72",
      "browser":"browser72",
      "cssgrade":"cssgrade72",
      "engineversion":"engine version72",
      "renderingengine":"rendering engine72"
   },
   {  
      "platform":"platform73",
      "browser":"browser73",
      "cssgrade":"cssgrade73",
      "engineversion":"engine version73",
      "renderingengine":"rendering engine73"
   },
   {  
      "platform":"platform74",
      "browser":"browser74",
      "cssgrade":"cssgrade74",
      "engineversion":"engine version74",
      "renderingengine":"rendering engine74"
   },
   {  
      "platform":"platform75",
      "browser":"browser75",
      "cssgrade":"cssgrade75",
      "engineversion":"engine version75",
      "renderingengine":"rendering engine75"
   },
   {  
      "platform":"platform76",
      "browser":"browser76",
      "cssgrade":"cssgrade76",
      "engineversion":"engine version76",
      "renderingengine":"rendering engine76"
   },
   {  
      "platform":"platform77",
      "browser":"browser77",
      "cssgrade":"cssgrade77",
      "engineversion":"engine version77",
      "renderingengine":"rendering engine77"
   },
   {  
      "platform":"platform78",
      "browser":"browser78",
      "cssgrade":"cssgrade78",
      "engineversion":"engine version78",
      "renderingengine":"rendering engine78"
   },
   {  
      "platform":"platform79",
      "browser":"browser79",
      "cssgrade":"cssgrade79",
      "engineversion":"engine version79",
      "renderingengine":"rendering engine79"
   },
   {  
      "platform":"platform80",
      "browser":"browser80",
      "cssgrade":"cssgrade80",
      "engineversion":"engine version80",
      "renderingengine":"rendering engine80"
   },
   {  
      "platform":"platform81",
      "browser":"browser81",
      "cssgrade":"cssgrade81",
      "engineversion":"engine version81",
      "renderingengine":"rendering engine81"
   },
   {  
      "platform":"platform82",
      "browser":"browser82",
      "cssgrade":"cssgrade82",
      "engineversion":"engine version82",
      "renderingengine":"rendering engine82"
   },
   {  
      "platform":"platform83",
      "browser":"browser83",
      "cssgrade":"cssgrade83",
      "engineversion":"engine version83",
      "renderingengine":"rendering engine83"
   },
   {  
      "platform":"platform84",
      "browser":"browser84",
      "cssgrade":"cssgrade84",
      "engineversion":"engine version84",
      "renderingengine":"rendering engine84"
   },
   {  
      "platform":"platform85",
      "browser":"browser85",
      "cssgrade":"cssgrade85",
      "engineversion":"engine version85",
      "renderingengine":"rendering engine85"
   },
   {  
      "platform":"platform86",
      "browser":"browser86",
      "cssgrade":"cssgrade86",
      "engineversion":"engine version86",
      "renderingengine":"rendering engine86"
   },
   {  
      "platform":"platform87",
      "browser":"browser87",
      "cssgrade":"cssgrade87",
      "engineversion":"engine version87",
      "renderingengine":"rendering engine87"
   },
   {  
      "platform":"platform88",
      "browser":"browser88",
      "cssgrade":"cssgrade88",
      "engineversion":"engine version88",
      "renderingengine":"rendering engine88"
   },
   {  
      "platform":"platform89",
      "browser":"browser89",
      "cssgrade":"cssgrade89",
      "engineversion":"engine version89",
      "renderingengine":"rendering engine89"
   },
   {  
      "platform":"platform90",
      "browser":"browser90",
      "cssgrade":"cssgrade90",
      "engineversion":"engine version90",
      "renderingengine":"rendering engine90"
   },
   {  
      "platform":"platform91",
      "browser":"browser91",
      "cssgrade":"cssgrade91",
      "engineversion":"engine version91",
      "renderingengine":"rendering engine91"
   },
   {  
      "platform":"platform92",
      "browser":"browser92",
      "cssgrade":"cssgrade92",
      "engineversion":"engine version92",
      "renderingengine":"rendering engine92"
   },
   {  
      "platform":"platform93",
      "browser":"browser93",
      "cssgrade":"cssgrade93",
      "engineversion":"engine version93",
      "renderingengine":"rendering engine93"
   },
   {  
      "platform":"platform94",
      "browser":"browser94",
      "cssgrade":"cssgrade94",
      "engineversion":"engine version94",
      "renderingengine":"rendering engine94"
   },
   {  
      "platform":"platform95",
      "browser":"browser95",
      "cssgrade":"cssgrade95",
      "engineversion":"engine version95",
      "renderingengine":"rendering engine95"
   },
   {  
      "platform":"platform96",
      "browser":"browser96",
      "cssgrade":"cssgrade96",
      "engineversion":"engine version96",
      "renderingengine":"rendering engine96"
   },
   {  
      "platform":"platform97",
      "browser":"browser97",
      "cssgrade":"cssgrade97",
      "engineversion":"engine version97",
      "renderingengine":"rendering engine97"
   },
   {  
      "platform":"platform98",
      "browser":"browser98",
      "cssgrade":"cssgrade98",
      "engineversion":"engine version98",
      "renderingengine":"rendering engine98"
   },
   {  
      "platform":"platform99",
      "browser":"browser99",
      "cssgrade":"cssgrade99",
      "engineversion":"engine version99",
      "renderingengine":"rendering engine99"
   },
   {  
      "platform":"platform100",
      "browser":"browser100",
      "cssgrade":"cssgrade100",
      "engineversion":"engine version100",
      "renderingengine":"rendering engine100"
   },
   {  
      "platform":"platform101",
      "browser":"browser101",
      "cssgrade":"cssgrade101",
      "engineversion":"engine version101",
      "renderingengine":"rendering engine101"
   },
   {  
      "platform":"platform102",
      "browser":"browser102",
      "cssgrade":"cssgrade102",
      "engineversion":"engine version102",
      "renderingengine":"rendering engine102"
   },
   {  
      "platform":"platform103",
      "browser":"browser103",
      "cssgrade":"cssgrade103",
      "engineversion":"engine version103",
      "renderingengine":"rendering engine103"
   },
   {  
      "platform":"platform104",
      "browser":"browser104",
      "cssgrade":"cssgrade104",
      "engineversion":"engine version104",
      "renderingengine":"rendering engine104"
   },
   {  
      "platform":"platform105",
      "browser":"browser105",
      "cssgrade":"cssgrade105",
      "engineversion":"engine version105",
      "renderingengine":"rendering engine105"
   },
   {  
      "platform":"platform106",
      "browser":"browser106",
      "cssgrade":"cssgrade106",
      "engineversion":"engine version106",
      "renderingengine":"rendering engine106"
   },
   {  
      "platform":"platform107",
      "browser":"browser107",
      "cssgrade":"cssgrade107",
      "engineversion":"engine version107",
      "renderingengine":"rendering engine107"
   },
   {  
      "platform":"platform108",
      "browser":"browser108",
      "cssgrade":"cssgrade108",
      "engineversion":"engine version108",
      "renderingengine":"rendering engine108"
   },
   {  
      "platform":"platform109",
      "browser":"browser109",
      "cssgrade":"cssgrade109",
      "engineversion":"engine version109",
      "renderingengine":"rendering engine109"
   },
   {  
      "platform":"platform110",
      "browser":"browser110",
      "cssgrade":"cssgrade110",
      "engineversion":"engine version110",
      "renderingengine":"rendering engine110"
   },
   {  
      "platform":"platform111",
      "browser":"browser111",
      "cssgrade":"cssgrade111",
      "engineversion":"engine version111",
      "renderingengine":"rendering engine111"
   },
   {  
      "platform":"platform112",
      "browser":"browser112",
      "cssgrade":"cssgrade112",
      "engineversion":"engine version112",
      "renderingengine":"rendering engine112"
   },
   {  
      "platform":"platform113",
      "browser":"browser113",
      "cssgrade":"cssgrade113",
      "engineversion":"engine version113",
      "renderingengine":"rendering engine113"
   },
   {  
      "platform":"platform114",
      "browser":"browser114",
      "cssgrade":"cssgrade114",
      "engineversion":"engine version114",
      "renderingengine":"rendering engine114"
   },
   {  
      "platform":"platform115",
      "browser":"browser115",
      "cssgrade":"cssgrade115",
      "engineversion":"engine version115",
      "renderingengine":"rendering engine115"
   },
   {  
      "platform":"platform116",
      "browser":"browser116",
      "cssgrade":"cssgrade116",
      "engineversion":"engine version116",
      "renderingengine":"rendering engine116"
   },
   {  
      "platform":"platform117",
      "browser":"browser117",
      "cssgrade":"cssgrade117",
      "engineversion":"engine version117",
      "renderingengine":"rendering engine117"
   },
   {  
      "platform":"platform118",
      "browser":"browser118",
      "cssgrade":"cssgrade118",
      "engineversion":"engine version118",
      "renderingengine":"rendering engine118"
   },
   {  
      "platform":"platform119",
      "browser":"browser119",
      "cssgrade":"cssgrade119",
      "engineversion":"engine version119",
      "renderingengine":"rendering engine119"
   },
   {  
      "platform":"platform120",
      "browser":"browser120",
      "cssgrade":"cssgrade120",
      "engineversion":"engine version120",
      "renderingengine":"rendering engine120"
   },
   {  
      "platform":"platform121",
      "browser":"browser121",
      "cssgrade":"cssgrade121",
      "engineversion":"engine version121",
      "renderingengine":"rendering engine121"
   },
   {  
      "platform":"platform122",
      "browser":"browser122",
      "cssgrade":"cssgrade122",
      "engineversion":"engine version122",
      "renderingengine":"rendering engine122"
   },
   {  
      "platform":"platform123",
      "browser":"browser123",
      "cssgrade":"cssgrade123",
      "engineversion":"engine version123",
      "renderingengine":"rendering engine123"
   },
   {  
      "platform":"platform124",
      "browser":"browser124",
      "cssgrade":"cssgrade124",
      "engineversion":"engine version124",
      "renderingengine":"rendering engine124"
   },
   {  
      "platform":"platform125",
      "browser":"browser125",
      "cssgrade":"cssgrade125",
      "engineversion":"engine version125",
      "renderingengine":"rendering engine125"
   },
   {  
      "platform":"platform126",
      "browser":"browser126",
      "cssgrade":"cssgrade126",
      "engineversion":"engine version126",
      "renderingengine":"rendering engine126"
   },
   {  
      "platform":"platform127",
      "browser":"browser127",
      "cssgrade":"cssgrade127",
      "engineversion":"engine version127",
      "renderingengine":"rendering engine127"
   },
   {  
      "platform":"platform128",
      "browser":"browser128",
      "cssgrade":"cssgrade128",
      "engineversion":"engine version128",
      "renderingengine":"rendering engine128"
   },
   {  
      "platform":"platform129",
      "browser":"browser129",
      "cssgrade":"cssgrade129",
      "engineversion":"engine version129",
      "renderingengine":"rendering engine129"
   },
   {  
      "platform":"platform130",
      "browser":"browser130",
      "cssgrade":"cssgrade130",
      "engineversion":"engine version130",
      "renderingengine":"rendering engine130"
   },
   {  
      "platform":"platform131",
      "browser":"browser131",
      "cssgrade":"cssgrade131",
      "engineversion":"engine version131",
      "renderingengine":"rendering engine131"
   },
   {  
      "platform":"platform132",
      "browser":"browser132",
      "cssgrade":"cssgrade132",
      "engineversion":"engine version132",
      "renderingengine":"rendering engine132"
   },
   {  
      "platform":"platform133",
      "browser":"browser133",
      "cssgrade":"cssgrade133",
      "engineversion":"engine version133",
      "renderingengine":"rendering engine133"
   },
   {  
      "platform":"platform134",
      "browser":"browser134",
      "cssgrade":"cssgrade134",
      "engineversion":"engine version134",
      "renderingengine":"rendering engine134"
   },
   {  
      "platform":"platform135",
      "browser":"browser135",
      "cssgrade":"cssgrade135",
      "engineversion":"engine version135",
      "renderingengine":"rendering engine135"
   },
   {  
      "platform":"platform136",
      "browser":"browser136",
      "cssgrade":"cssgrade136",
      "engineversion":"engine version136",
      "renderingengine":"rendering engine136"
   },
   {  
      "platform":"platform137",
      "browser":"browser137",
      "cssgrade":"cssgrade137",
      "engineversion":"engine version137",
      "renderingengine":"rendering engine137"
   },
   {  
      "platform":"platform138",
      "browser":"browser138",
      "cssgrade":"cssgrade138",
      "engineversion":"engine version138",
      "renderingengine":"rendering engine138"
   },
   {  
      "platform":"platform139",
      "browser":"browser139",
      "cssgrade":"cssgrade139",
      "engineversion":"engine version139",
      "renderingengine":"rendering engine139"
   },
   {  
      "platform":"platform140",
      "browser":"browser140",
      "cssgrade":"cssgrade140",
      "engineversion":"engine version140",
      "renderingengine":"rendering engine140"
   },
   {  
      "platform":"platform141",
      "browser":"browser141",
      "cssgrade":"cssgrade141",
      "engineversion":"engine version141",
      "renderingengine":"rendering engine141"
   },
   {  
      "platform":"platform142",
      "browser":"browser142",
      "cssgrade":"cssgrade142",
      "engineversion":"engine version142",
      "renderingengine":"rendering engine142"
   },
   {  
      "platform":"platform143",
      "browser":"browser143",
      "cssgrade":"cssgrade143",
      "engineversion":"engine version143",
      "renderingengine":"rendering engine143"
   },
   {  
      "platform":"platform144",
      "browser":"browser144",
      "cssgrade":"cssgrade144",
      "engineversion":"engine version144",
      "renderingengine":"rendering engine144"
   },
   {  
      "platform":"platform145",
      "browser":"browser145",
      "cssgrade":"cssgrade145",
      "engineversion":"engine version145",
      "renderingengine":"rendering engine145"
   },
   {  
      "platform":"platform146",
      "browser":"browser146",
      "cssgrade":"cssgrade146",
      "engineversion":"engine version146",
      "renderingengine":"rendering engine146"
   },
   {  
      "platform":"platform147",
      "browser":"browser147",
      "cssgrade":"cssgrade147",
      "engineversion":"engine version147",
      "renderingengine":"rendering engine147"
   },
   {  
      "platform":"platform148",
      "browser":"browser148",
      "cssgrade":"cssgrade148",
      "engineversion":"engine version148",
      "renderingengine":"rendering engine148"
   },
   {  
      "platform":"platform149",
      "browser":"browser149",
      "cssgrade":"cssgrade149",
      "engineversion":"engine version149",
      "renderingengine":"rendering engine149"
   },
   {  
      "platform":"platform150",
      "browser":"browser150",
      "cssgrade":"cssgrade150",
      "engineversion":"engine version150",
      "renderingengine":"rendering engine150"
   },
   {  
      "platform":"platform151",
      "browser":"browser151",
      "cssgrade":"cssgrade151",
      "engineversion":"engine version151",
      "renderingengine":"rendering engine151"
   },
   {  
      "platform":"platform152",
      "browser":"browser152",
      "cssgrade":"cssgrade152",
      "engineversion":"engine version152",
      "renderingengine":"rendering engine152"
   },
   {  
      "platform":"platform153",
      "browser":"browser153",
      "cssgrade":"cssgrade153",
      "engineversion":"engine version153",
      "renderingengine":"rendering engine153"
   },
   {  
      "platform":"platform154",
      "browser":"browser154",
      "cssgrade":"cssgrade154",
      "engineversion":"engine version154",
      "renderingengine":"rendering engine154"
   },
   {  
      "platform":"platform155",
      "browser":"browser155",
      "cssgrade":"cssgrade155",
      "engineversion":"engine version155",
      "renderingengine":"rendering engine155"
   },
   {  
      "platform":"platform156",
      "browser":"browser156",
      "cssgrade":"cssgrade156",
      "engineversion":"engine version156",
      "renderingengine":"rendering engine156"
   },
   {  
      "platform":"platform157",
      "browser":"browser157",
      "cssgrade":"cssgrade157",
      "engineversion":"engine version157",
      "renderingengine":"rendering engine157"
   },
   {  
      "platform":"platform158",
      "browser":"browser158",
      "cssgrade":"cssgrade158",
      "engineversion":"engine version158",
      "renderingengine":"rendering engine158"
   },
   {  
      "platform":"platform159",
      "browser":"browser159",
      "cssgrade":"cssgrade159",
      "engineversion":"engine version159",
      "renderingengine":"rendering engine159"
   },
   {  
      "platform":"platform160",
      "browser":"browser160",
      "cssgrade":"cssgrade160",
      "engineversion":"engine version160",
      "renderingengine":"rendering engine160"
   },
   {  
      "platform":"platform161",
      "browser":"browser161",
      "cssgrade":"cssgrade161",
      "engineversion":"engine version161",
      "renderingengine":"rendering engine161"
   },
   {  
      "platform":"platform162",
      "browser":"browser162",
      "cssgrade":"cssgrade162",
      "engineversion":"engine version162",
      "renderingengine":"rendering engine162"
   },
   {  
      "platform":"platform163",
      "browser":"browser163",
      "cssgrade":"cssgrade163",
      "engineversion":"engine version163",
      "renderingengine":"rendering engine163"
   },
   {  
      "platform":"platform164",
      "browser":"browser164",
      "cssgrade":"cssgrade164",
      "engineversion":"engine version164",
      "renderingengine":"rendering engine164"
   },
   {  
      "platform":"platform165",
      "browser":"browser165",
      "cssgrade":"cssgrade165",
      "engineversion":"engine version165",
      "renderingengine":"rendering engine165"
   },
   {  
      "platform":"platform166",
      "browser":"browser166",
      "cssgrade":"cssgrade166",
      "engineversion":"engine version166",
      "renderingengine":"rendering engine166"
   },
   {  
      "platform":"platform167",
      "browser":"browser167",
      "cssgrade":"cssgrade167",
      "engineversion":"engine version167",
      "renderingengine":"rendering engine167"
   },
   {  
      "platform":"platform168",
      "browser":"browser168",
      "cssgrade":"cssgrade168",
      "engineversion":"engine version168",
      "renderingengine":"rendering engine168"
   },
   {  
      "platform":"platform169",
      "browser":"browser169",
      "cssgrade":"cssgrade169",
      "engineversion":"engine version169",
      "renderingengine":"rendering engine169"
   },
   {  
      "platform":"platform170",
      "browser":"browser170",
      "cssgrade":"cssgrade170",
      "engineversion":"engine version170",
      "renderingengine":"rendering engine170"
   },
   {  
      "platform":"platform171",
      "browser":"browser171",
      "cssgrade":"cssgrade171",
      "engineversion":"engine version171",
      "renderingengine":"rendering engine171"
   },
   {  
      "platform":"platform172",
      "browser":"browser172",
      "cssgrade":"cssgrade172",
      "engineversion":"engine version172",
      "renderingengine":"rendering engine172"
   },
   {  
      "platform":"platform173",
      "browser":"browser173",
      "cssgrade":"cssgrade173",
      "engineversion":"engine version173",
      "renderingengine":"rendering engine173"
   },
   {  
      "platform":"platform174",
      "browser":"browser174",
      "cssgrade":"cssgrade174",
      "engineversion":"engine version174",
      "renderingengine":"rendering engine174"
   },
   {  
      "platform":"platform175",
      "browser":"browser175",
      "cssgrade":"cssgrade175",
      "engineversion":"engine version175",
      "renderingengine":"rendering engine175"
   },
   {  
      "platform":"platform176",
      "browser":"browser176",
      "cssgrade":"cssgrade176",
      "engineversion":"engine version176",
      "renderingengine":"rendering engine176"
   },
   {  
      "platform":"platform177",
      "browser":"browser177",
      "cssgrade":"cssgrade177",
      "engineversion":"engine version177",
      "renderingengine":"rendering engine177"
   },
   {  
      "platform":"platform178",
      "browser":"browser178",
      "cssgrade":"cssgrade178",
      "engineversion":"engine version178",
      "renderingengine":"rendering engine178"
   },
   {  
      "platform":"platform179",
      "browser":"browser179",
      "cssgrade":"cssgrade179",
      "engineversion":"engine version179",
      "renderingengine":"rendering engine179"
   },
   {  
      "platform":"platform180",
      "browser":"browser180",
      "cssgrade":"cssgrade180",
      "engineversion":"engine version180",
      "renderingengine":"rendering engine180"
   },
   {  
      "platform":"platform181",
      "browser":"browser181",
      "cssgrade":"cssgrade181",
      "engineversion":"engine version181",
      "renderingengine":"rendering engine181"
   },
   {  
      "platform":"platform182",
      "browser":"browser182",
      "cssgrade":"cssgrade182",
      "engineversion":"engine version182",
      "renderingengine":"rendering engine182"
   },
   {  
      "platform":"platform183",
      "browser":"browser183",
      "cssgrade":"cssgrade183",
      "engineversion":"engine version183",
      "renderingengine":"rendering engine183"
   },
   {  
      "platform":"platform184",
      "browser":"browser184",
      "cssgrade":"cssgrade184",
      "engineversion":"engine version184",
      "renderingengine":"rendering engine184"
   },
   {  
      "platform":"platform185",
      "browser":"browser185",
      "cssgrade":"cssgrade185",
      "engineversion":"engine version185",
      "renderingengine":"rendering engine185"
   },
   {  
      "platform":"platform186",
      "browser":"browser186",
      "cssgrade":"cssgrade186",
      "engineversion":"engine version186",
      "renderingengine":"rendering engine186"
   },
   {  
      "platform":"platform187",
      "browser":"browser187",
      "cssgrade":"cssgrade187",
      "engineversion":"engine version187",
      "renderingengine":"rendering engine187"
   },
   {  
      "platform":"platform188",
      "browser":"browser188",
      "cssgrade":"cssgrade188",
      "engineversion":"engine version188",
      "renderingengine":"rendering engine188"
   },
   {  
      "platform":"platform189",
      "browser":"browser189",
      "cssgrade":"cssgrade189",
      "engineversion":"engine version189",
      "renderingengine":"rendering engine189"
   },
   {  
      "platform":"platform190",
      "browser":"browser190",
      "cssgrade":"cssgrade190",
      "engineversion":"engine version190",
      "renderingengine":"rendering engine190"
   },
   {  
      "platform":"platform191",
      "browser":"browser191",
      "cssgrade":"cssgrade191",
      "engineversion":"engine version191",
      "renderingengine":"rendering engine191"
   },
   {  
      "platform":"platform192",
      "browser":"browser192",
      "cssgrade":"cssgrade192",
      "engineversion":"engine version192",
      "renderingengine":"rendering engine192"
   },
   {  
      "platform":"platform193",
      "browser":"browser193",
      "cssgrade":"cssgrade193",
      "engineversion":"engine version193",
      "renderingengine":"rendering engine193"
   },
   {  
      "platform":"platform194",
      "browser":"browser194",
      "cssgrade":"cssgrade194",
      "engineversion":"engine version194",
      "renderingengine":"rendering engine194"
   },
   {  
      "platform":"platform195",
      "browser":"browser195",
      "cssgrade":"cssgrade195",
      "engineversion":"engine version195",
      "renderingengine":"rendering engine195"
   },
   {  
      "platform":"platform196",
      "browser":"browser196",
      "cssgrade":"cssgrade196",
      "engineversion":"engine version196",
      "renderingengine":"rendering engine196"
   },
   {  
      "platform":"platform197",
      "browser":"browser197",
      "cssgrade":"cssgrade197",
      "engineversion":"engine version197",
      "renderingengine":"rendering engine197"
   },
   {  
      "platform":"platform198",
      "browser":"browser198",
      "cssgrade":"cssgrade198",
      "engineversion":"engine version198",
      "renderingengine":"rendering engine198"
   },
   {  
      "platform":"platform199",
      "browser":"browser199",
      "cssgrade":"cssgrade199",
      "engineversion":"engine version199",
      "renderingengine":"rendering engine199"
   },
   {  
      "platform":"platform200",
      "browser":"browser200",
      "cssgrade":"cssgrade200",
      "engineversion":"engine version200",
      "renderingengine":"rendering engine200"
   }
]