[{"title":"All Day Event","start":"2016-01-01"},{"title":"Long Event","start":"2016-01-07","end":"2016-01-10"},{"id":"999","title":"Repeating Event","start":"2016-01-09T21:00:00+00:00"},{"id":"999","title":"Repeating Event","start":"2016-01-16T21:00:00+00:00"},{"title":"Conference","start":"2016-01-11","end":"2016-01-13"},{"title":"Meeting","start":"2016-01-12T15:30:00+00:00","end":"2016-01-12T17:30:00+00:00"},{"title":"Lunch","start":"2016-01-12T17:00:00+00:00"},{"title":"Meeting","start":"2016-01-12T19:30:00+00:00"},{"title":"Happy Hour","start":"2016-01-12T22:30:00+00:00"},{"title":"Dinner","start":"2016-01-12T20:00:00+00:00"},{"title":"Birthday Party","start":"2016-01-13T12:00:00+00:00"},{"url":"http:\/\/google.com\/","title":"Click for Google","start":"2016-01-28"}]